sample_id,variant_id,gene,nominal_vaf,measured_vaf,depth,site,run_id,operator,replicate,detected,qc_flag
S00001,VAR1,EGFR,0,0.0218561713737482,1006,SiteA,SiteA_Run01,Operator1,1,0,1
S00002,VAR1,EGFR,0,0.02808911853078983,715,SiteA,SiteA_Run01,Operator2,2,0,0
S00003,VAR1,EGFR,0,0.02536949487633371,854,SiteA,SiteA_Run01,Operator1,3,0,1
S00004,VAR1,EGFR,0,0.07959438048303127,895,SiteA,SiteA_Run02,Operator1,1,0,0
S00005,VAR1,EGFR,0,0.029856501049465606,861,SiteA,SiteA_Run02,Operator2,2,0,1
S00006,VAR1,EGFR,0,0.1283525307569653,784,SiteA,SiteA_Run02,Operator1,3,0,1
S00007,VAR1,EGFR,0,0.02825855214985745,1027,SiteA,SiteA_Run03,Operator1,1,0,0
S00008,VAR1,EGFR,0,0.02288736743581575,786,SiteA,SiteA_Run03,Operator2,2,0,0
S00009,VAR1,EGFR,0,0.032264591218106334,1103,SiteA,SiteA_Run03,Operator1,3,0,0
S00010,VAR1,EGFR,0,0.027607876859038667,791,SiteB,SiteB_Run01,Operator1,1,0,1
S00011,VAR1,EGFR,0,0.03210573896985608,996,SiteB,SiteB_Run01,Operator2,2,0,1
S00012,VAR1,EGFR,0,0.02206364355096568,1143,SiteB,SiteB_Run01,Operator1,3,0,1
S00013,VAR1,EGFR,0,0.03185004920939468,592,SiteB,SiteB_Run02,Operator1,1,0,1
S00014,VAR1,EGFR,0,0.03543010239531961,758,SiteB,SiteB_Run02,Operator2,2,0,0
S00015,VAR1,EGFR,0,0.04296468014383423,780,SiteB,SiteB_Run02,Operator1,3,0,0
S00016,VAR1,EGFR,0,0.02830394980642747,895,SiteB,SiteB_Run03,Operator1,1,0,1
S00017,VAR1,EGFR,0,0.03272731530653593,757,SiteB,SiteB_Run03,Operator2,2,0,0
S00018,VAR1,EGFR,0,0.029186601002174947,402,SiteB,SiteB_Run03,Operator1,3,0,0
S00019,VAR1,EGFR,0,0.028336345122604113,434,SiteC,SiteC_Run01,Operator1,1,0,0
S00020,VAR1,EGFR,0,0.0197363153330573,998,SiteC,SiteC_Run01,Operator2,2,0,0
S00021,VAR1,EGFR,0,0.02715704290482109,754,SiteC,SiteC_Run01,Operator1,3,0,0
S00022,VAR1,EGFR,0,0.04886485392063417,533,SiteC,SiteC_Run02,Operator1,1,0,1
S00023,VAR1,EGFR,0,0.029197125550250422,774,SiteC,SiteC_Run02,Operator2,2,0,1
S00024,VAR1,EGFR,0,0.03961139552083618,982,SiteC,SiteC_Run02,Operator1,3,0,0
S00025,VAR1,EGFR,0,0.05029447990341961,1084,SiteC,SiteC_Run03,Operator1,1,0,0
S00026,VAR1,EGFR,0,0.03849527264702394,735,SiteC,SiteC_Run03,Operator2,2,0,0
S00027,VAR1,EGFR,0,0.03806918177877686,761,SiteC,SiteC_Run03,Operator1,3,0,1
S00028,VAR1,EGFR,0.1,0.09170045272433386,536,SiteA,SiteA_Run01,Operator1,1,0,1
S00029,VAR1,EGFR,0.1,0.1592032813560933,869,SiteA,SiteA_Run01,Operator2,2,1,0
S00030,VAR1,EGFR,0.1,0.11105156269303283,704,SiteA,SiteA_Run01,Operator1,3,0,0
S00031,VAR1,EGFR,0.1,0.12142743836452163,868,SiteA,SiteA_Run02,Operator1,1,0,0
S00032,VAR1,EGFR,0.1,0.10783096535505239,906,SiteA,SiteA_Run02,Operator2,2,0,1
S00033,VAR1,EGFR,0.1,0.08193969146050392,955,SiteA,SiteA_Run02,Operator1,3,0,1
S00034,VAR1,EGFR,0.1,0.08873670402934658,709,SiteA,SiteA_Run03,Operator1,1,0,0
S00035,VAR1,EGFR,0.1,0.10336025122400294,876,SiteA,SiteA_Run03,Operator2,2,0,0
S00036,VAR1,EGFR,0.1,0.05567185651841107,542,SiteA,SiteA_Run03,Operator1,3,0,0
S00037,VAR1,EGFR,0.1,0.0844016828743251,682,SiteB,SiteB_Run01,Operator1,1,0,1
S00038,VAR1,EGFR,0.1,0.11731786999537247,672,SiteB,SiteB_Run01,Operator2,2,0,1
S00039,VAR1,EGFR,0.1,0.09420553976464555,438,SiteB,SiteB_Run01,Operator1,3,0,0
S00040,VAR1,EGFR,0.1,0.0944856442819017,805,SiteB,SiteB_Run02,Operator1,1,0,0
S00041,VAR1,EGFR,0.1,0.11899411609601983,831,SiteB,SiteB_Run02,Operator2,2,0,0
S00042,VAR1,EGFR,0.1,0.0896846052117427,746,SiteB,SiteB_Run02,Operator1,3,0,0
S00043,VAR1,EGFR,0.1,0.11340107070176815,914,SiteB,SiteB_Run03,Operator1,1,0,0
S00044,VAR1,EGFR,0.1,0.07524152663254326,691,SiteB,SiteB_Run03,Operator2,2,0,0
S00045,VAR1,EGFR,0.1,0.07823113071519618,595,SiteB,SiteB_Run03,Operator1,3,0,0
S00046,VAR1,EGFR,0.1,0.07154660695312426,865,SiteC,SiteC_Run01,Operator1,1,0,0
S00047,VAR1,EGFR,0.1,0.1017022963491306,678,SiteC,SiteC_Run01,Operator2,2,0,0
S00048,VAR1,EGFR,0.1,0.09596130652564708,1017,SiteC,SiteC_Run01,Operator1,3,0,0
S00049,VAR1,EGFR,0.1,0.13342566603584557,735,SiteC,SiteC_Run02,Operator1,1,0,0
S00050,VAR1,EGFR,0.1,0.0991678397154545,898,SiteC,SiteC_Run02,Operator2,2,0,1
S00051,VAR1,EGFR,0.1,0.13109484666139093,848,SiteC,SiteC_Run02,Operator1,3,0,0
S00052,VAR1,EGFR,0.1,0.14755710319605816,682,SiteC,SiteC_Run03,Operator1,1,0,0
S00053,VAR1,EGFR,0.1,0.09064787900024754,1036,SiteC,SiteC_Run03,Operator2,2,0,0
S00054,VAR1,EGFR,0.1,0.10807852010582548,896,SiteC,SiteC_Run03,Operator1,3,0,0
S00055,VAR1,EGFR,0.25,0.21113173307300862,813,SiteA,SiteA_Run01,Operator1,1,0,0
S00056,VAR1,EGFR,0.25,0.28976173778325337,841,SiteA,SiteA_Run01,Operator2,2,0,0
S00057,VAR1,EGFR,0.25,0.20144348117705255,902,SiteA,SiteA_Run01,Operator1,3,0,0
S00058,VAR1,EGFR,0.25,0.203601803483992,813,SiteA,SiteA_Run02,Operator1,1,0,0
S00059,VAR1,EGFR,0.25,0.26486482200008754,351,SiteA,SiteA_Run02,Operator2,2,0,0
S00060,VAR1,EGFR,0.25,0.2545820502116141,843,SiteA,SiteA_Run02,Operator1,3,0,0
S00061,VAR1,EGFR,0.25,0.2634821314121639,745,SiteA,SiteA_Run03,Operator1,1,0,0
S00062,VAR1,EGFR,0.25,0.2534908937817378,828,SiteA,SiteA_Run03,Operator2,2,0,0
S00063,VAR1,EGFR,0.25,0.22491715942833207,887,SiteA,SiteA_Run03,Operator1,3,0,0
S00064,VAR1,EGFR,0.25,0.24357392380206702,1010,SiteB,SiteB_Run01,Operator1,1,0,0
S00065,VAR1,EGFR,0.25,0.3456728013268882,691,SiteB,SiteB_Run01,Operator2,2,0,0
S00066,VAR1,EGFR,0.25,0.2491068431025107,995,SiteB,SiteB_Run01,Operator1,3,0,1
S00067,VAR1,EGFR,0.25,0.19205139875910882,850,SiteB,SiteB_Run02,Operator1,1,0,0
S00068,VAR1,EGFR,0.25,0.21114579907867914,956,SiteB,SiteB_Run02,Operator2,2,0,0
S00069,VAR1,EGFR,0.25,0.20055688924105006,938,SiteB,SiteB_Run02,Operator1,3,0,1
S00070,VAR1,EGFR,0.25,0.20881378819830732,908,SiteB,SiteB_Run03,Operator1,1,0,0
S00071,VAR1,EGFR,0.25,0.19426906553383608,644,SiteB,SiteB_Run03,Operator2,2,0,0
S00072,VAR1,EGFR,0.25,0.14786373458218258,786,SiteB,SiteB_Run03,Operator1,3,0,0
S00073,VAR1,EGFR,0.25,0.2857947991173954,894,SiteC,SiteC_Run01,Operator1,1,0,1
S00074,VAR1,EGFR,0.25,0.2852794481530678,657,SiteC,SiteC_Run01,Operator2,2,0,0
S00075,VAR1,EGFR,0.25,0.23777880024923193,719,SiteC,SiteC_Run01,Operator1,3,0,0
S00076,VAR1,EGFR,0.25,0.216307596916554,887,SiteC,SiteC_Run02,Operator1,1,1,0
S00077,VAR1,EGFR,0.25,0.21251755386926852,915,SiteC,SiteC_Run02,Operator2,2,0,0
S00078,VAR1,EGFR,0.25,0.2707532217234604,870,SiteC,SiteC_Run02,Operator1,3,0,0
S00079,VAR1,EGFR,0.25,0.26158875485690736,667,SiteC,SiteC_Run03,Operator1,1,1,0
S00080,VAR1,EGFR,0.25,0.2719966183856154,635,SiteC,SiteC_Run03,Operator2,2,0,0
S00081,VAR1,EGFR,0.25,0.2502420142524566,1027,SiteC,SiteC_Run03,Operator1,3,0,0
S00082,VAR1,EGFR,0.5,0.5658929247623484,839,SiteA,SiteA_Run01,Operator1,1,0,0
S00083,VAR1,EGFR,0.5,0.5450267561543526,813,SiteA,SiteA_Run01,Operator2,2,0,0
S00084,VAR1,EGFR,0.5,0.5590676986102808,782,SiteA,SiteA_Run01,Operator1,3,0,1
S00085,VAR1,EGFR,0.5,0.5521392917417739,621,SiteA,SiteA_Run02,Operator1,1,0,0
S00086,VAR1,EGFR,0.5,0.6971392995060781,892,SiteA,SiteA_Run02,Operator2,2,0,0
S00087,VAR1,EGFR,0.5,0.4048842306437788,767,SiteA,SiteA_Run02,Operator1,3,0,0
S00088,VAR1,EGFR,0.5,0.6760540549420951,773,SiteA,SiteA_Run03,Operator1,1,0,0
S00089,VAR1,EGFR,0.5,0.46767161257499523,940,SiteA,SiteA_Run03,Operator2,2,0,0
S00090,VAR1,EGFR,0.5,0.4935439682609357,923,SiteA,SiteA_Run03,Operator1,3,0,0
S00091,VAR1,EGFR,0.5,0.5081742528409323,1009,SiteB,SiteB_Run01,Operator1,1,1,0
S00092,VAR1,EGFR,0.5,0.45712877716857003,729,SiteB,SiteB_Run01,Operator2,2,1,0
S00093,VAR1,EGFR,0.5,0.300019270732748,898,SiteB,SiteB_Run01,Operator1,3,0,0
S00094,VAR1,EGFR,0.5,0.4696659002501107,1009,SiteB,SiteB_Run02,Operator1,1,1,0
S00095,VAR1,EGFR,0.5,0.5041554882022484,633,SiteB,SiteB_Run02,Operator2,2,0,0
S00096,VAR1,EGFR,0.5,0.35320989589308965,671,SiteB,SiteB_Run02,Operator1,3,0,1
S00097,VAR1,EGFR,0.5,0.5581322996145324,630,SiteB,SiteB_Run03,Operator1,1,0,0
S00098,VAR1,EGFR,0.5,0.44370208606873485,581,SiteB,SiteB_Run03,Operator2,2,0,0
S00099,VAR1,EGFR,0.5,0.66791202090419,812,SiteB,SiteB_Run03,Operator1,3,0,0
S00100,VAR1,EGFR,0.5,0.5272009163201289,898,SiteC,SiteC_Run01,Operator1,1,1,0
S00101,VAR1,EGFR,0.5,0.4270288335664928,980,SiteC,SiteC_Run01,Operator2,2,0,0
S00102,VAR1,EGFR,0.5,0.5170577356044025,957,SiteC,SiteC_Run01,Operator1,3,0,0
S00103,VAR1,EGFR,0.5,0.5264333432589942,650,SiteC,SiteC_Run02,Operator1,1,0,0
S00104,VAR1,EGFR,0.5,0.6000527523365359,1077,SiteC,SiteC_Run02,Operator2,2,0,0
S00105,VAR1,EGFR,0.5,0.484556297606765,700,SiteC,SiteC_Run02,Operator1,3,0,0
S00106,VAR1,EGFR,0.5,0.3329302327380618,816,SiteC,SiteC_Run03,Operator1,1,0,0
S00107,VAR1,EGFR,0.5,0.3855515605273885,737,SiteC,SiteC_Run03,Operator2,2,0,0
S00108,VAR1,EGFR,0.5,0.4212211389480059,782,SiteC,SiteC_Run03,Operator1,3,0,0
S00109,VAR1,EGFR,1,1.0889926111126025,828,SiteA,SiteA_Run01,Operator1,1,0,0
S00110,VAR1,EGFR,1,0.9446250028568316,818,SiteA,SiteA_Run01,Operator2,2,0,0
S00111,VAR1,EGFR,1,0.884375344691027,796,SiteA,SiteA_Run01,Operator1,3,0,0
S00112,VAR1,EGFR,1,0.8445273422303203,816,SiteA,SiteA_Run02,Operator1,1,0,0
S00113,VAR1,EGFR,1,1.0312163124765445,727,SiteA,SiteA_Run02,Operator2,2,1,0
S00114,VAR1,EGFR,1,0.8434231790708494,724,SiteA,SiteA_Run02,Operator1,3,0,0
S00115,VAR1,EGFR,1,0.9235002445005964,551,SiteA,SiteA_Run03,Operator1,1,0,0
S00116,VAR1,EGFR,1,0.8286184813689839,743,SiteA,SiteA_Run03,Operator2,2,0,0
S00117,VAR1,EGFR,1,0.7575613549205431,723,SiteA,SiteA_Run03,Operator1,3,0,0
S00118,VAR1,EGFR,1,1.2105041403730803,1205,SiteB,SiteB_Run01,Operator1,1,0,0
S00119,VAR1,EGFR,1,0.7683583185665736,596,SiteB,SiteB_Run01,Operator2,2,0,0
S00120,VAR1,EGFR,1,1.0147130155683557,821,SiteB,SiteB_Run01,Operator1,3,0,0
S00121,VAR1,EGFR,1,0.8925817528301352,576,SiteB,SiteB_Run02,Operator1,1,1,0
S00122,VAR1,EGFR,1,0.8092154072594728,579,SiteB,SiteB_Run02,Operator2,2,1,0
S00123,VAR1,EGFR,1,1.0532311320446197,819,SiteB,SiteB_Run02,Operator1,3,0,0
S00124,VAR1,EGFR,1,1.0774820682951525,651,SiteB,SiteB_Run03,Operator1,1,0,0
S00125,VAR1,EGFR,1,1.2877974472415128,800,SiteB,SiteB_Run03,Operator2,2,0,0
S00126,VAR1,EGFR,1,1.0672070467816095,736,SiteB,SiteB_Run03,Operator1,3,1,0
S00127,VAR1,EGFR,1,0.9726864846268795,708,SiteC,SiteC_Run01,Operator1,1,0,1
S00128,VAR1,EGFR,1,1.6828584054848552,496,SiteC,SiteC_Run01,Operator2,2,0,0
S00129,VAR1,EGFR,1,0.8780454812701528,616,SiteC,SiteC_Run01,Operator1,3,0,0
S00130,VAR1,EGFR,1,0.8182096775829651,827,SiteC,SiteC_Run02,Operator1,1,0,1
S00131,VAR1,EGFR,1,0.8985052024950512,885,SiteC,SiteC_Run02,Operator2,2,0,0
S00132,VAR1,EGFR,1,0.9781591292334004,726,SiteC,SiteC_Run02,Operator1,3,0,0
S00133,VAR1,EGFR,1,1.1275938586616028,800,SiteC,SiteC_Run03,Operator1,1,0,0
S00134,VAR1,EGFR,1,1.0867254625845981,968,SiteC,SiteC_Run03,Operator2,2,0,0
S00135,VAR1,EGFR,1,0.9790719661117658,1016,SiteC,SiteC_Run03,Operator1,3,0,0
S00136,VAR1,EGFR,2,1.6851164528682077,635,SiteA,SiteA_Run01,Operator1,1,0,1
S00137,VAR1,EGFR,2,2.505811533209249,782,SiteA,SiteA_Run01,Operator2,2,0,1
S00138,VAR1,EGFR,2,2.402244490864885,980,SiteA,SiteA_Run01,Operator1,3,0,0
S00139,VAR1,EGFR,2,1.7302592659897904,730,SiteA,SiteA_Run02,Operator1,1,0,0
S00140,VAR1,EGFR,2,2.2944725653372218,792,SiteA,SiteA_Run02,Operator2,2,0,0
S00141,VAR1,EGFR,2,2.188386116137073,787,SiteA,SiteA_Run02,Operator1,3,0,0
S00142,VAR1,EGFR,2,2.4649992464158434,667,SiteA,SiteA_Run03,Operator1,1,0,1
S00143,VAR1,EGFR,2,2.0607561683207996,733,SiteA,SiteA_Run03,Operator2,2,0,0
S00144,VAR1,EGFR,2,1.5919087213130747,796,SiteA,SiteA_Run03,Operator1,3,0,0
S00145,VAR1,EGFR,2,2.3481952656341494,738,SiteB,SiteB_Run01,Operator1,1,0,0
S00146,VAR1,EGFR,2,1.7287591111748075,967,SiteB,SiteB_Run01,Operator2,2,0,0
S00147,VAR1,EGFR,2,2.222402988435952,728,SiteB,SiteB_Run01,Operator1,3,0,1
S00148,VAR1,EGFR,2,2.795030265528852,735,SiteB,SiteB_Run02,Operator1,1,0,0
S00149,VAR1,EGFR,2,1.5058862216730782,905,SiteB,SiteB_Run02,Operator2,2,0,0
S00150,VAR1,EGFR,2,2.7333537656001456,642,SiteB,SiteB_Run02,Operator1,3,0,0
S00151,VAR1,EGFR,2,2.6215857488667047,794,SiteB,SiteB_Run03,Operator1,1,1,0
S00152,VAR1,EGFR,2,1.79931821772637,567,SiteB,SiteB_Run03,Operator2,2,0,1
S00153,VAR1,EGFR,2,1.901974630039576,975,SiteB,SiteB_Run03,Operator1,3,0,0
S00154,VAR1,EGFR,2,1.7436448144424765,759,SiteC,SiteC_Run01,Operator1,1,0,0
S00155,VAR1,EGFR,2,1.7843847003293984,730,SiteC,SiteC_Run01,Operator2,2,0,1
S00156,VAR1,EGFR,2,2.245826167569224,614,SiteC,SiteC_Run01,Operator1,3,1,0
S00157,VAR1,EGFR,2,1.6708882637926075,799,SiteC,SiteC_Run02,Operator1,1,1,0
S00158,VAR1,EGFR,2,1.9252988510279645,680,SiteC,SiteC_Run02,Operator2,2,1,0
S00159,VAR1,EGFR,2,1.9432590865852968,720,SiteC,SiteC_Run02,Operator1,3,0,0
S00160,VAR1,EGFR,2,1.9617416003478652,993,SiteC,SiteC_Run03,Operator1,1,0,1
S00161,VAR1,EGFR,2,2.073911678303198,774,SiteC,SiteC_Run03,Operator2,2,0,0
S00162,VAR1,EGFR,2,2.7523690743477687,639,SiteC,SiteC_Run03,Operator1,3,0,0
S00163,VAR1,EGFR,5,4.568438969810993,824,SiteA,SiteA_Run01,Operator1,1,0,0
S00164,VAR1,EGFR,5,4.265083963878181,746,SiteA,SiteA_Run01,Operator2,2,1,0
S00165,VAR1,EGFR,5,5.858506937865276,889,SiteA,SiteA_Run01,Operator1,3,0,0
S00166,VAR1,EGFR,5,5.39532248862121,1015,SiteA,SiteA_Run02,Operator1,1,0,0
S00167,VAR1,EGFR,5,5.241436012798566,651,SiteA,SiteA_Run02,Operator2,2,0,0
S00168,VAR1,EGFR,5,5.627332704449403,868,SiteA,SiteA_Run02,Operator1,3,1,0
S00169,VAR1,EGFR,5,3.7699128030135927,813,SiteA,SiteA_Run03,Operator1,1,0,0
S00170,VAR1,EGFR,5,6.184814855092256,934,SiteA,SiteA_Run03,Operator2,2,0,0
S00171,VAR1,EGFR,5,5.475159940834146,766,SiteA,SiteA_Run03,Operator1,3,0,0
S00172,VAR1,EGFR,5,6.047835913701,925,SiteB,SiteB_Run01,Operator1,1,0,0
S00173,VAR1,EGFR,5,4.435917048754127,538,SiteB,SiteB_Run01,Operator2,2,1,0
S00174,VAR1,EGFR,5,3.4592434267308034,1053,SiteB,SiteB_Run01,Operator1,3,0,0
S00175,VAR1,EGFR,5,4.538152567614472,930,SiteB,SiteB_Run02,Operator1,1,0,0
S00176,VAR1,EGFR,5,4.170636030290432,777,SiteB,SiteB_Run02,Operator2,2,0,0
S00177,VAR1,EGFR,5,7.798960081440189,583,SiteB,SiteB_Run02,Operator1,3,0,0
S00178,VAR1,EGFR,5,4.603167240724371,896,SiteB,SiteB_Run03,Operator1,1,0,0
S00179,VAR1,EGFR,5,4.7889115083954845,872,SiteB,SiteB_Run03,Operator2,2,1,0
S00180,VAR1,EGFR,5,6.184422413555638,799,SiteB,SiteB_Run03,Operator1,3,1,0
S00181,VAR1,EGFR,5,5.660471642178071,823,SiteC,SiteC_Run01,Operator1,1,1,0
S00182,VAR1,EGFR,5,5.7204715614689565,712,SiteC,SiteC_Run01,Operator2,2,1,0
S00183,VAR1,EGFR,5,8.467030230322791,855,SiteC,SiteC_Run01,Operator1,3,0,0
S00184,VAR1,EGFR,5,5.168904611920472,844,SiteC,SiteC_Run02,Operator1,1,0,0
S00185,VAR1,EGFR,5,7.318994974204437,758,SiteC,SiteC_Run02,Operator2,2,0,0
S00186,VAR1,EGFR,5,5.260265983606538,600,SiteC,SiteC_Run02,Operator1,3,1,1
S00187,VAR1,EGFR,5,3.7345731153850843,905,SiteC,SiteC_Run03,Operator1,1,0,1
S00188,VAR1,EGFR,5,3.2026809764325463,883,SiteC,SiteC_Run03,Operator2,2,0,0
S00189,VAR1,EGFR,5,5.693781547115016,675,SiteC,SiteC_Run03,Operator1,3,1,0
S00190,VAR1,EGFR,10,8.188535940490754,561,SiteA,SiteA_Run01,Operator1,1,1,0
S00191,VAR1,EGFR,10,10.084298091516086,831,SiteA,SiteA_Run01,Operator2,2,1,0
S00192,VAR1,EGFR,10,14.267637105246212,748,SiteA,SiteA_Run01,Operator1,3,0,1
S00193,VAR1,EGFR,10,10.71904031157761,838,SiteA,SiteA_Run02,Operator1,1,1,0
S00194,VAR1,EGFR,10,9.441979054268046,606,SiteA,SiteA_Run02,Operator2,2,1,0
S00195,VAR1,EGFR,10,6.805082521120487,656,SiteA,SiteA_Run02,Operator1,3,1,0
S00196,VAR1,EGFR,10,8.520331692483227,963,SiteA,SiteA_Run03,Operator1,1,1,0
S00197,VAR1,EGFR,10,8.912559830778608,861,SiteA,SiteA_Run03,Operator2,2,0,0
S00198,VAR1,EGFR,10,11.466459853631886,888,SiteA,SiteA_Run03,Operator1,3,0,0
S00199,VAR1,EGFR,10,11.015204685530538,1072,SiteB,SiteB_Run01,Operator1,1,1,0
S00200,VAR1,EGFR,10,10.027965849097205,819,SiteB,SiteB_Run01,Operator2,2,0,0
S00201,VAR1,EGFR,10,10.367063815074518,500,SiteB,SiteB_Run01,Operator1,3,0,0
S00202,VAR1,EGFR,10,9.440042132465422,850,SiteB,SiteB_Run02,Operator1,1,1,0
S00203,VAR1,EGFR,10,10.060637551580545,976,SiteB,SiteB_Run02,Operator2,2,0,0
S00204,VAR1,EGFR,10,10.558380604795792,1109,SiteB,SiteB_Run02,Operator1,3,1,0
S00205,VAR1,EGFR,10,10.939901337867772,593,SiteB,SiteB_Run03,Operator1,1,0,0
S00206,VAR1,EGFR,10,14.412712428627286,627,SiteB,SiteB_Run03,Operator2,2,0,1
S00207,VAR1,EGFR,10,8.005912656993138,694,SiteB,SiteB_Run03,Operator1,3,0,0
S00208,VAR1,EGFR,10,13.430746309392426,642,SiteC,SiteC_Run01,Operator1,1,0,1
S00209,VAR1,EGFR,10,11.437387391747787,703,SiteC,SiteC_Run01,Operator2,2,1,0
S00210,VAR1,EGFR,10,7.341325295157425,772,SiteC,SiteC_Run01,Operator1,3,0,0
S00211,VAR1,EGFR,10,9.460976931021273,620,SiteC,SiteC_Run02,Operator1,1,0,0
S00212,VAR1,EGFR,10,8.817307000012905,1106,SiteC,SiteC_Run02,Operator2,2,0,0
S00213,VAR1,EGFR,10,8.297755052957003,816,SiteC,SiteC_Run02,Operator1,3,1,0
S00214,VAR1,EGFR,10,7.352260346980057,787,SiteC,SiteC_Run03,Operator1,1,0,0
S00215,VAR1,EGFR,10,9.059053850361034,874,SiteC,SiteC_Run03,Operator2,2,1,0
S00216,VAR1,EGFR,10,9.166110944588704,806,SiteC,SiteC_Run03,Operator1,3,1,0
S00217,VAR2,KRAS,0,0.05429101077105711,780,SiteA,SiteA_Run01,Operator1,1,0,1
S00218,VAR2,KRAS,0,0.018148541391760784,1022,SiteA,SiteA_Run01,Operator2,2,0,0
S00219,VAR2,KRAS,0,0.026542273913405495,767,SiteA,SiteA_Run01,Operator1,3,0,1
S00220,VAR2,KRAS,0,0.034528564313699696,607,SiteA,SiteA_Run02,Operator1,1,0,0
S00221,VAR2,KRAS,0,0.0207572790495337,858,SiteA,SiteA_Run02,Operator2,2,0,1
S00222,VAR2,KRAS,0,0.03773831924427438,747,SiteA,SiteA_Run02,Operator1,3,0,0
S00223,VAR2,KRAS,0,0.021164259232173712,722,SiteA,SiteA_Run03,Operator1,1,0,1
S00224,VAR2,KRAS,0,0.022780950089977957,640,SiteA,SiteA_Run03,Operator2,2,0,1
S00225,VAR2,KRAS,0,0.03366776752371317,864,SiteA,SiteA_Run03,Operator1,3,0,1
S00226,VAR2,KRAS,0,0.03327698351079246,774,SiteB,SiteB_Run01,Operator1,1,0,0
S00227,VAR2,KRAS,0,0.1451140511687845,877,SiteB,SiteB_Run01,Operator2,2,0,0
S00228,VAR2,KRAS,0,0.03214770609871651,765,SiteB,SiteB_Run01,Operator1,3,0,1
S00229,VAR2,KRAS,0,0.02058887015730673,701,SiteB,SiteB_Run02,Operator1,1,0,0
S00230,VAR2,KRAS,0,0.0338221146999276,988,SiteB,SiteB_Run02,Operator2,2,0,0
S00231,VAR2,KRAS,0,0.031497173265122635,759,SiteB,SiteB_Run02,Operator1,3,0,1
S00232,VAR2,KRAS,0,0.036434581895781804,942,SiteB,SiteB_Run03,Operator1,1,0,1
S00233,VAR2,KRAS,0,0.16132372035179288,620,SiteB,SiteB_Run03,Operator2,2,0,1
S00234,VAR2,KRAS,0,0.034678186960451496,730,SiteB,SiteB_Run03,Operator1,3,0,1
S00235,VAR2,KRAS,0,0.036587815258444054,760,SiteC,SiteC_Run01,Operator1,1,0,0
S00236,VAR2,KRAS,0,0.031154828117976208,741,SiteC,SiteC_Run01,Operator2,2,0,1
S00237,VAR2,KRAS,0,0.030963542110244352,1002,SiteC,SiteC_Run01,Operator1,3,0,0
S00238,VAR2,KRAS,0,0.037140148046980195,797,SiteC,SiteC_Run02,Operator1,1,0,1
S00239,VAR2,KRAS,0,0.16020856054499746,837,SiteC,SiteC_Run02,Operator2,2,0,0
S00240,VAR2,KRAS,0,0.03783704047468346,659,SiteC,SiteC_Run02,Operator1,3,0,1
S00241,VAR2,KRAS,0,0.01992941024629197,691,SiteC,SiteC_Run03,Operator1,1,0,0
S00242,VAR2,KRAS,0,0.010590949894166446,950,SiteC,SiteC_Run03,Operator2,2,0,0
S00243,VAR2,KRAS,0,0.04056869410487368,989,SiteC,SiteC_Run03,Operator1,3,0,1
S00244,VAR2,KRAS,0.1,0.09524632528670593,987,SiteA,SiteA_Run01,Operator1,1,0,0
S00245,VAR2,KRAS,0.1,0.1565624071344425,593,SiteA,SiteA_Run01,Operator2,2,0,1
S00246,VAR2,KRAS,0.1,0.06655120103707729,1107,SiteA,SiteA_Run01,Operator1,3,0,0
S00247,VAR2,KRAS,0.1,0.10813204065372076,953,SiteA,SiteA_Run02,Operator1,1,0,0
S00248,VAR2,KRAS,0.1,0.10800017576407368,796,SiteA,SiteA_Run02,Operator2,2,0,0
S00249,VAR2,KRAS,0.1,0.10917032812230283,906,SiteA,SiteA_Run02,Operator1,3,0,0
S00250,VAR2,KRAS,0.1,0.11180970529585355,654,SiteA,SiteA_Run03,Operator1,1,0,1
S00251,VAR2,KRAS,0.1,0.09462189612711833,636,SiteA,SiteA_Run03,Operator2,2,0,0
S00252,VAR2,KRAS,0.1,0.12627067306306156,807,SiteA,SiteA_Run03,Operator1,3,0,0
S00253,VAR2,KRAS,0.1,0.06121025488739537,620,SiteB,SiteB_Run01,Operator1,1,0,1
S00254,VAR2,KRAS,0.1,0.08511956661295048,829,SiteB,SiteB_Run01,Operator2,2,0,0
S00255,VAR2,KRAS,0.1,0.09764527566485359,995,SiteB,SiteB_Run01,Operator1,3,0,0
S00256,VAR2,KRAS,0.1,0.10331818825713877,645,SiteB,SiteB_Run02,Operator1,1,0,1
S00257,VAR2,KRAS,0.1,0.108469181107584,689,SiteB,SiteB_Run02,Operator2,2,0,0
S00258,VAR2,KRAS,0.1,0.11364029866119546,807,SiteB,SiteB_Run02,Operator1,3,0,0
S00259,VAR2,KRAS,0.1,0.07395572908084752,647,SiteB,SiteB_Run03,Operator1,1,0,0
S00260,VAR2,KRAS,0.1,0.10015352982448385,743,SiteB,SiteB_Run03,Operator2,2,0,0
S00261,VAR2,KRAS,0.1,0.11105258083728992,931,SiteB,SiteB_Run03,Operator1,3,0,0
S00262,VAR2,KRAS,0.1,0.1303779265580347,945,SiteC,SiteC_Run01,Operator1,1,0,0
S00263,VAR2,KRAS,0.1,0.09775424637531022,858,SiteC,SiteC_Run01,Operator2,2,0,0
S00264,VAR2,KRAS,0.1,0.13768935288759826,522,SiteC,SiteC_Run01,Operator1,3,0,0
S00265,VAR2,KRAS,0.1,0.09452502045761874,792,SiteC,SiteC_Run02,Operator1,1,0,0
S00266,VAR2,KRAS,0.1,0.09900700034655621,960,SiteC,SiteC_Run02,Operator2,2,0,1
S00267,VAR2,KRAS,0.1,0.1032561724293446,922,SiteC,SiteC_Run02,Operator1,3,0,0
S00268,VAR2,KRAS,0.1,0.09044067161872965,771,SiteC,SiteC_Run03,Operator1,1,0,0
S00269,VAR2,KRAS,0.1,0.11539462729371378,395,SiteC,SiteC_Run03,Operator2,2,0,0
S00270,VAR2,KRAS,0.1,0.0764022942640265,809,SiteC,SiteC_Run03,Operator1,3,0,0
S00271,VAR2,KRAS,0.25,0.24971798092414052,886,SiteA,SiteA_Run01,Operator1,1,0,0
S00272,VAR2,KRAS,0.25,0.22438255004775817,807,SiteA,SiteA_Run01,Operator2,2,0,1
S00273,VAR2,KRAS,0.25,0.22408964432849995,824,SiteA,SiteA_Run01,Operator1,3,0,0
S00274,VAR2,KRAS,0.25,0.3147409738380416,865,SiteA,SiteA_Run02,Operator1,1,0,0
S00275,VAR2,KRAS,0.25,0.30855646403110576,741,SiteA,SiteA_Run02,Operator2,2,0,0
S00276,VAR2,KRAS,0.25,0.34414608179140993,996,SiteA,SiteA_Run02,Operator1,3,0,1
S00277,VAR2,KRAS,0.25,0.23715206485434726,871,SiteA,SiteA_Run03,Operator1,1,0,0
S00278,VAR2,KRAS,0.25,0.2516252997891411,614,SiteA,SiteA_Run03,Operator2,2,0,0
S00279,VAR2,KRAS,0.25,0.18330368463820823,1007,SiteA,SiteA_Run03,Operator1,3,1,0
S00280,VAR2,KRAS,0.25,0.23132532008977044,981,SiteB,SiteB_Run01,Operator1,1,0,0
S00281,VAR2,KRAS,0.25,0.35577216581106336,924,SiteB,SiteB_Run01,Operator2,2,0,0
S00282,VAR2,KRAS,0.25,0.23001749525341667,551,SiteB,SiteB_Run01,Operator1,3,0,0
S00283,VAR2,KRAS,0.25,0.19798537812307074,715,SiteB,SiteB_Run02,Operator1,1,0,1
S00284,VAR2,KRAS,0.25,0.25210352864454466,895,SiteB,SiteB_Run02,Operator2,2,0,0
S00285,VAR2,KRAS,0.25,0.32078103099015615,807,SiteB,SiteB_Run02,Operator1,3,0,0
S00286,VAR2,KRAS,0.25,0.18233882953846567,852,SiteB,SiteB_Run03,Operator1,1,0,0
S00287,VAR2,KRAS,0.25,0.23762571826918283,1169,SiteB,SiteB_Run03,Operator2,2,0,0
S00288,VAR2,KRAS,0.25,0.2745207983689918,677,SiteB,SiteB_Run03,Operator1,3,0,0
S00289,VAR2,KRAS,0.25,0.3712838694336768,483,SiteC,SiteC_Run01,Operator1,1,0,1
S00290,VAR2,KRAS,0.25,0.22103913314434862,841,SiteC,SiteC_Run01,Operator2,2,0,0
S00291,VAR2,KRAS,0.25,0.3387780719902898,697,SiteC,SiteC_Run01,Operator1,3,0,0
S00292,VAR2,KRAS,0.25,0.22926576560912998,867,SiteC,SiteC_Run02,Operator1,1,0,0
S00293,VAR2,KRAS,0.25,0.2034168610608686,678,SiteC,SiteC_Run02,Operator2,2,0,0
S00294,VAR2,KRAS,0.25,0.1992567149432285,1132,SiteC,SiteC_Run02,Operator1,3,0,0
S00295,VAR2,KRAS,0.25,0.23918595236640283,781,SiteC,SiteC_Run03,Operator1,1,0,0
S00296,VAR2,KRAS,0.25,0.24888177339878592,728,SiteC,SiteC_Run03,Operator2,2,0,0
S00297,VAR2,KRAS,0.25,0.23436519290818233,775,SiteC,SiteC_Run03,Operator1,3,0,0
S00298,VAR2,KRAS,0.5,0.6171133572989151,929,SiteA,SiteA_Run01,Operator1,1,0,0
S00299,VAR2,KRAS,0.5,0.5193179580737003,815,SiteA,SiteA_Run01,Operator2,2,0,0
S00300,VAR2,KRAS,0.5,0.48952844796171635,556,SiteA,SiteA_Run01,Operator1,3,0,0
S00301,VAR2,KRAS,0.5,0.4432337148337789,799,SiteA,SiteA_Run02,Operator1,1,0,0
S00302,VAR2,KRAS,0.5,0.38583310757363654,914,SiteA,SiteA_Run02,Operator2,2,0,0
S00303,VAR2,KRAS,0.5,0.33789755934381377,806,SiteA,SiteA_Run02,Operator1,3,0,0
S00304,VAR2,KRAS,0.5,0.5218031682872764,910,SiteA,SiteA_Run03,Operator1,1,0,0
S00305,VAR2,KRAS,0.5,0.5025400169301854,778,SiteA,SiteA_Run03,Operator2,2,0,0
S00306,VAR2,KRAS,0.5,0.6569531690729191,791,SiteA,SiteA_Run03,Operator1,3,0,0
S00307,VAR2,KRAS,0.5,0.5299734230346238,872,SiteB,SiteB_Run01,Operator1,1,1,0
S00308,VAR2,KRAS,0.5,0.5864290205252403,949,SiteB,SiteB_Run01,Operator2,2,0,0
S00309,VAR2,KRAS,0.5,0.5041154822621713,613,SiteB,SiteB_Run01,Operator1,3,0,0
S00310,VAR2,KRAS,0.5,0.42451327973322445,795,SiteB,SiteB_Run02,Operator1,1,0,0
S00311,VAR2,KRAS,0.5,0.5298194176408519,789,SiteB,SiteB_Run02,Operator2,2,0,0
S00312,VAR2,KRAS,0.5,0.5351598678567016,686,SiteB,SiteB_Run02,Operator1,3,0,1
S00313,VAR2,KRAS,0.5,0.42459235854271027,645,SiteB,SiteB_Run03,Operator1,1,0,0
S00314,VAR2,KRAS,0.5,0.4971333178898821,705,SiteB,SiteB_Run03,Operator2,2,0,0
S00315,VAR2,KRAS,0.5,0.7460289665792189,888,SiteB,SiteB_Run03,Operator1,3,0,0
S00316,VAR2,KRAS,0.5,0.3989176025903938,738,SiteC,SiteC_Run01,Operator1,1,0,0
S00317,VAR2,KRAS,0.5,0.6711843355045158,682,SiteC,SiteC_Run01,Operator2,2,0,0
S00318,VAR2,KRAS,0.5,0.47780099393660114,825,SiteC,SiteC_Run01,Operator1,3,0,1
S00319,VAR2,KRAS,0.5,0.6725458029755836,614,SiteC,SiteC_Run02,Operator1,1,0,0
S00320,VAR2,KRAS,0.5,0.422418894853036,957,SiteC,SiteC_Run02,Operator2,2,0,0
S00321,VAR2,KRAS,0.5,0.49342409273576726,727,SiteC,SiteC_Run02,Operator1,3,0,1
S00322,VAR2,KRAS,0.5,0.532112428134234,828,SiteC,SiteC_Run03,Operator1,1,0,0
S00323,VAR2,KRAS,0.5,0.4888667965927386,808,SiteC,SiteC_Run03,Operator2,2,0,0
S00324,VAR2,KRAS,0.5,0.5704102656442817,800,SiteC,SiteC_Run03,Operator1,3,0,1
S00325,VAR2,KRAS,1,0.967178412007746,1071,SiteA,SiteA_Run01,Operator1,1,1,0
S00326,VAR2,KRAS,1,1.2735072304373192,676,SiteA,SiteA_Run01,Operator2,2,0,1
S00327,VAR2,KRAS,1,1.0346713983364326,972,SiteA,SiteA_Run01,Operator1,3,0,1
S00328,VAR2,KRAS,1,1.148531221365431,805,SiteA,SiteA_Run02,Operator1,1,0,0
S00329,VAR2,KRAS,1,0.7889049871018129,675,SiteA,SiteA_Run02,Operator2,2,0,0
S00330,VAR2,KRAS,1,0.8766233466742329,790,SiteA,SiteA_Run02,Operator1,3,0,0
S00331,VAR2,KRAS,1,1.2434646919367842,912,SiteA,SiteA_Run03,Operator1,1,0,0
S00332,VAR2,KRAS,1,1.1071146186311243,736,SiteA,SiteA_Run03,Operator2,2,0,0
S00333,VAR2,KRAS,1,0.9731847626808386,684,SiteA,SiteA_Run03,Operator1,3,0,0
S00334,VAR2,KRAS,1,0.9784784191803891,823,SiteB,SiteB_Run01,Operator1,1,0,0
S00335,VAR2,KRAS,1,1.1629734357021528,948,SiteB,SiteB_Run01,Operator2,2,0,0
S00336,VAR2,KRAS,1,0.9562247835584984,789,SiteB,SiteB_Run01,Operator1,3,0,0
S00337,VAR2,KRAS,1,1.0151039633436076,592,SiteB,SiteB_Run02,Operator1,1,0,0
S00338,VAR2,KRAS,1,0.7195056065275257,604,SiteB,SiteB_Run02,Operator2,2,1,0
S00339,VAR2,KRAS,1,1.4258981174212173,685,SiteB,SiteB_Run02,Operator1,3,0,0
S00340,VAR2,KRAS,1,1.1655505881121093,721,SiteB,SiteB_Run03,Operator1,1,0,0
S00341,VAR2,KRAS,1,1.1811134185137406,797,SiteB,SiteB_Run03,Operator2,2,0,0
S00342,VAR2,KRAS,1,0.6831153786324335,901,SiteB,SiteB_Run03,Operator1,3,0,0
S00343,VAR2,KRAS,1,0.9958413360530384,735,SiteC,SiteC_Run01,Operator1,1,0,1
S00344,VAR2,KRAS,1,0.9214684109525294,633,SiteC,SiteC_Run01,Operator2,2,0,1
S00345,VAR2,KRAS,1,0.7593615524518866,891,SiteC,SiteC_Run01,Operator1,3,0,0
S00346,VAR2,KRAS,1,1.1566016286520195,841,SiteC,SiteC_Run02,Operator1,1,0,0
S00347,VAR2,KRAS,1,1.2799565809807705,974,SiteC,SiteC_Run02,Operator2,2,0,0
S00348,VAR2,KRAS,1,0.8952566149623217,548,SiteC,SiteC_Run02,Operator1,3,0,0
S00349,VAR2,KRAS,1,0.9551966575299398,813,SiteC,SiteC_Run03,Operator1,1,0,0
S00350,VAR2,KRAS,1,1.4081719836912685,1003,SiteC,SiteC_Run03,Operator2,2,0,0
S00351,VAR2,KRAS,1,0.7189513545382931,909,SiteC,SiteC_Run03,Operator1,3,0,0
S00352,VAR2,KRAS,2,2.3209842412879382,675,SiteA,SiteA_Run01,Operator1,1,0,1
S00353,VAR2,KRAS,2,1.8782545519380596,910,SiteA,SiteA_Run01,Operator2,2,1,0
S00354,VAR2,KRAS,2,1.9544034618663024,669,SiteA,SiteA_Run01,Operator1,3,0,0
S00355,VAR2,KRAS,2,1.7699517954494282,732,SiteA,SiteA_Run02,Operator1,1,0,0
S00356,VAR2,KRAS,2,2.4905068808439785,978,SiteA,SiteA_Run02,Operator2,2,0,0
S00357,VAR2,KRAS,2,1.5963402385288779,756,SiteA,SiteA_Run02,Operator1,3,1,0
S00358,VAR2,KRAS,2,2.424606102040344,924,SiteA,SiteA_Run03,Operator1,1,0,1
S00359,VAR2,KRAS,2,2.649682930061778,756,SiteA,SiteA_Run03,Operator2,2,0,0
S00360,VAR2,KRAS,2,1.4402508197180164,564,SiteA,SiteA_Run03,Operator1,3,0,0
S00361,VAR2,KRAS,2,1.5964243418655444,673,SiteB,SiteB_Run01,Operator1,1,1,0
S00362,VAR2,KRAS,2,2.2511839473858677,637,SiteB,SiteB_Run01,Operator2,2,1,0
S00363,VAR2,KRAS,2,1.6518326304160291,727,SiteB,SiteB_Run01,Operator1,3,0,0
S00364,VAR2,KRAS,2,1.7416643922394137,750,SiteB,SiteB_Run02,Operator1,1,0,1
S00365,VAR2,KRAS,2,1.8295620606427505,777,SiteB,SiteB_Run02,Operator2,2,0,0
S00366,VAR2,KRAS,2,1.8668459234735608,764,SiteB,SiteB_Run02,Operator1,3,1,1
S00367,VAR2,KRAS,2,2.302249797378596,1084,SiteB,SiteB_Run03,Operator1,1,0,0
S00368,VAR2,KRAS,2,1.7727748442001356,592,SiteB,SiteB_Run03,Operator2,2,0,0
S00369,VAR2,KRAS,2,2.036061415552252,738,SiteB,SiteB_Run03,Operator1,3,0,0
S00370,VAR2,KRAS,2,2.3178640836190945,852,SiteC,SiteC_Run01,Operator1,1,0,0
S00371,VAR2,KRAS,2,1.4697190963992492,1044,SiteC,SiteC_Run01,Operator2,2,0,0
S00372,VAR2,KRAS,2,1.7423255119599441,813,SiteC,SiteC_Run01,Operator1,3,0,0
S00373,VAR2,KRAS,2,2.3752575473620006,986,SiteC,SiteC_Run02,Operator1,1,0,0
S00374,VAR2,KRAS,2,1.8549230865523694,553,SiteC,SiteC_Run02,Operator2,2,0,0
S00375,VAR2,KRAS,2,1.204579431475713,1017,SiteC,SiteC_Run02,Operator1,3,0,0
S00376,VAR2,KRAS,2,1.684696341554067,696,SiteC,SiteC_Run03,Operator1,1,0,0
S00377,VAR2,KRAS,2,2.354556676425438,759,SiteC,SiteC_Run03,Operator2,2,0,0
S00378,VAR2,KRAS,2,1.8364408884922603,634,SiteC,SiteC_Run03,Operator1,3,1,0
S00379,VAR2,KRAS,5,4.611303373208249,820,SiteA,SiteA_Run01,Operator1,1,0,0
S00380,VAR2,KRAS,5,4.8563351426959365,1068,SiteA,SiteA_Run01,Operator2,2,0,0
S00381,VAR2,KRAS,5,5.773804292471434,1163,SiteA,SiteA_Run01,Operator1,3,0,0
S00382,VAR2,KRAS,5,4.532255697325525,638,SiteA,SiteA_Run02,Operator1,1,0,0
S00383,VAR2,KRAS,5,5.49934833194609,873,SiteA,SiteA_Run02,Operator2,2,1,0
S00384,VAR2,KRAS,5,5.607296219484087,1008,SiteA,SiteA_Run02,Operator1,3,0,1
S00385,VAR2,KRAS,5,4.078241933460697,771,SiteA,SiteA_Run03,Operator1,1,1,0
S00386,VAR2,KRAS,5,4.93850900872501,767,SiteA,SiteA_Run03,Operator2,2,0,0
S00387,VAR2,KRAS,5,4.489659627614039,754,SiteA,SiteA_Run03,Operator1,3,0,0
S00388,VAR2,KRAS,5,5.434833349601549,890,SiteB,SiteB_Run01,Operator1,1,1,0
S00389,VAR2,KRAS,5,3.697964677771748,1010,SiteB,SiteB_Run01,Operator2,2,0,0
S00390,VAR2,KRAS,5,6.8023755583278795,903,SiteB,SiteB_Run01,Operator1,3,1,0
S00391,VAR2,KRAS,5,6.544608167759412,848,SiteB,SiteB_Run02,Operator1,1,0,0
S00392,VAR2,KRAS,5,4.224355720255509,755,SiteB,SiteB_Run02,Operator2,2,0,0
S00393,VAR2,KRAS,5,4.37306032350999,875,SiteB,SiteB_Run02,Operator1,3,1,0
S00394,VAR2,KRAS,5,4.169267758063157,718,SiteB,SiteB_Run03,Operator1,1,1,0
S00395,VAR2,KRAS,5,4.8653068376198085,758,SiteB,SiteB_Run03,Operator2,2,0,0
S00396,VAR2,KRAS,5,4.52324799963285,964,SiteB,SiteB_Run03,Operator1,3,0,0
S00397,VAR2,KRAS,5,5.113916769961052,866,SiteC,SiteC_Run01,Operator1,1,0,0
S00398,VAR2,KRAS,5,3.436296868425854,836,SiteC,SiteC_Run01,Operator2,2,0,1
S00399,VAR2,KRAS,5,5.161087201814178,762,SiteC,SiteC_Run01,Operator1,3,1,0
S00400,VAR2,KRAS,5,5.015586916085445,940,SiteC,SiteC_Run02,Operator1,1,1,0
S00401,VAR2,KRAS,5,3.630307008998276,1000,SiteC,SiteC_Run02,Operator2,2,0,0
S00402,VAR2,KRAS,5,5.283731281657821,670,SiteC,SiteC_Run02,Operator1,3,1,0
S00403,VAR2,KRAS,5,5.055255728484042,808,SiteC,SiteC_Run03,Operator1,1,0,0
S00404,VAR2,KRAS,5,4.774662264552903,807,SiteC,SiteC_Run03,Operator2,2,0,0
S00405,VAR2,KRAS,5,4.986801161050046,713,SiteC,SiteC_Run03,Operator1,3,0,0
S00406,VAR2,KRAS,10,10.800311023616459,650,SiteA,SiteA_Run01,Operator1,1,1,0
S00407,VAR2,KRAS,10,10.718056433865868,800,SiteA,SiteA_Run01,Operator2,2,0,0
S00408,VAR2,KRAS,10,9.172983069875528,898,SiteA,SiteA_Run01,Operator1,3,0,0
S00409,VAR2,KRAS,10,12.58644826787564,1022,SiteA,SiteA_Run02,Operator1,1,1,0
S00410,VAR2,KRAS,10,9.927201885554648,514,SiteA,SiteA_Run02,Operator2,2,0,0
S00411,VAR2,KRAS,10,9.732052394557183,695,SiteA,SiteA_Run02,Operator1,3,0,0
S00412,VAR2,KRAS,10,12.079486727069337,753,SiteA,SiteA_Run03,Operator1,1,0,0
S00413,VAR2,KRAS,10,12.19460164049234,551,SiteA,SiteA_Run03,Operator2,2,1,0
S00414,VAR2,KRAS,10,8.692417917982652,687,SiteA,SiteA_Run03,Operator1,3,0,0
S00415,VAR2,KRAS,10,8.201961710342216,683,SiteB,SiteB_Run01,Operator1,1,1,0
S00416,VAR2,KRAS,10,8.683819639068131,692,SiteB,SiteB_Run01,Operator2,2,0,0
S00417,VAR2,KRAS,10,7.904481794173397,472,SiteB,SiteB_Run01,Operator1,3,0,0
S00418,VAR2,KRAS,10,7.003049539205344,832,SiteB,SiteB_Run02,Operator1,1,0,0
S00419,VAR2,KRAS,10,10.64091628654085,705,SiteB,SiteB_Run02,Operator2,2,0,0
S00420,VAR2,KRAS,10,9.713950234145688,1028,SiteB,SiteB_Run02,Operator1,3,0,0
S00421,VAR2,KRAS,10,11.371327365454091,919,SiteB,SiteB_Run03,Operator1,1,0,1
S00422,VAR2,KRAS,10,9.996681826033125,582,SiteB,SiteB_Run03,Operator2,2,0,0
S00423,VAR2,KRAS,10,10.852741115035752,815,SiteB,SiteB_Run03,Operator1,3,1,0
S00424,VAR2,KRAS,10,9.05551046462844,711,SiteC,SiteC_Run01,Operator1,1,0,0
S00425,VAR2,KRAS,10,8.252890488395328,933,SiteC,SiteC_Run01,Operator2,2,1,0
S00426,VAR2,KRAS,10,11.683896636579949,808,SiteC,SiteC_Run01,Operator1,3,1,0
S00427,VAR2,KRAS,10,11.644211810667358,716,SiteC,SiteC_Run02,Operator1,1,1,0
S00428,VAR2,KRAS,10,7.069873987627052,866,SiteC,SiteC_Run02,Operator2,2,0,0
S00429,VAR2,KRAS,10,11.917930411413645,823,SiteC,SiteC_Run02,Operator1,3,0,0
S00430,VAR2,KRAS,10,7.014018611598786,775,SiteC,SiteC_Run03,Operator1,1,1,0
S00431,VAR2,KRAS,10,9.909041549069624,1103,SiteC,SiteC_Run03,Operator2,2,1,0
S00432,VAR2,KRAS,10,9.240635332304471,721,SiteC,SiteC_Run03,Operator1,3,0,0
S00433,VAR3,BRAF,0,0.02388587366140143,729,SiteA,SiteA_Run01,Operator1,1,0,0
S00434,VAR3,BRAF,0,0.0303490591139517,568,SiteA,SiteA_Run01,Operator2,2,0,0
S00435,VAR3,BRAF,0,0.03614135696762498,794,SiteA,SiteA_Run01,Operator1,3,0,0
S00436,VAR3,BRAF,0,0.02684289138291679,934,SiteA,SiteA_Run02,Operator1,1,0,1
S00437,VAR3,BRAF,0,0.021804459109284854,489,SiteA,SiteA_Run02,Operator2,2,0,1
S00438,VAR3,BRAF,0,0.046664665461589906,762,SiteA,SiteA_Run02,Operator1,3,0,0
S00439,VAR3,BRAF,0,0.028325940239830556,623,SiteA,SiteA_Run03,Operator1,1,0,1
S00440,VAR3,BRAF,0,0.03337396488492878,1016,SiteA,SiteA_Run03,Operator2,2,0,0
S00441,VAR3,BRAF,0,0.05904547936313797,1004,SiteA,SiteA_Run03,Operator1,3,0,0
S00442,VAR3,BRAF,0,0.016981694309028628,850,SiteB,SiteB_Run01,Operator1,1,0,1
S00443,VAR3,BRAF,0,0.084705660501495,1014,SiteB,SiteB_Run01,Operator2,2,0,1
S00444,VAR3,BRAF,0,0.04763239588212273,670,SiteB,SiteB_Run01,Operator1,3,0,0
S00445,VAR3,BRAF,0,0.017076865844334266,943,SiteB,SiteB_Run02,Operator1,1,0,1
S00446,VAR3,BRAF,0,0.03163461507255625,712,SiteB,SiteB_Run02,Operator2,2,0,0
S00447,VAR3,BRAF,0,0.04462051254277447,848,SiteB,SiteB_Run02,Operator1,3,0,0
S00448,VAR3,BRAF,0,0.027562647200042482,755,SiteB,SiteB_Run03,Operator1,1,0,0
S00449,VAR3,BRAF,0,0.025785269217543566,758,SiteB,SiteB_Run03,Operator2,2,0,1
S00450,VAR3,BRAF,0,0.021600817055594395,882,SiteB,SiteB_Run03,Operator1,3,0,0
S00451,VAR3,BRAF,0,0.024790358928061335,604,SiteC,SiteC_Run01,Operator1,1,0,0
S00452,VAR3,BRAF,0,0.03187269526723281,762,SiteC,SiteC_Run01,Operator2,2,0,1
S00453,VAR3,BRAF,0,0.04122279263458694,826,SiteC,SiteC_Run01,Operator1,3,0,1
S00454,VAR3,BRAF,0,0.025834547302583263,739,SiteC,SiteC_Run02,Operator1,1,0,0
S00455,VAR3,BRAF,0,0.022572264586117177,816,SiteC,SiteC_Run02,Operator2,2,0,0
S00456,VAR3,BRAF,0,0.03122808703533527,752,SiteC,SiteC_Run02,Operator1,3,0,1
S00457,VAR3,BRAF,0,0.033783168990435423,1043,SiteC,SiteC_Run03,Operator1,1,0,0
S00458,VAR3,BRAF,0,0.03333344839449771,907,SiteC,SiteC_Run03,Operator2,2,0,1
S00459,VAR3,BRAF,0,0.026202461400799033,1245,SiteC,SiteC_Run03,Operator1,3,0,1
S00460,VAR3,BRAF,0.1,0.0922070947499886,681,SiteA,SiteA_Run01,Operator1,1,0,0
S00461,VAR3,BRAF,0.1,0.11111343738676571,922,SiteA,SiteA_Run01,Operator2,2,0,1
S00462,VAR3,BRAF,0.1,0.10492587855366514,1115,SiteA,SiteA_Run01,Operator1,3,0,0
S00463,VAR3,BRAF,0.1,0.11968253283998936,845,SiteA,SiteA_Run02,Operator1,1,0,0
S00464,VAR3,BRAF,0.1,0.11025146600931426,638,SiteA,SiteA_Run02,Operator2,2,0,0
S00465,VAR3,BRAF,0.1,0.1022650997695239,649,SiteA,SiteA_Run02,Operator1,3,0,0
S00466,VAR3,BRAF,0.1,0.122099081115326,795,SiteA,SiteA_Run03,Operator1,1,0,0
S00467,VAR3,BRAF,0.1,0.12691448938317182,996,SiteA,SiteA_Run03,Operator2,2,0,1
S00468,VAR3,BRAF,0.1,0.07558763204875801,913,SiteA,SiteA_Run03,Operator1,3,0,0
S00469,VAR3,BRAF,0.1,0.11953386655055194,479,SiteB,SiteB_Run01,Operator1,1,0,1
S00470,VAR3,BRAF,0.1,0.11683491786692023,695,SiteB,SiteB_Run01,Operator2,2,0,1
S00471,VAR3,BRAF,0.1,0.1207295704329431,799,SiteB,SiteB_Run01,Operator1,3,0,0
S00472,VAR3,BRAF,0.1,0.08338009764430904,581,SiteB,SiteB_Run02,Operator1,1,0,0
S00473,VAR3,BRAF,0.1,0.16189635635194044,904,SiteB,SiteB_Run02,Operator2,2,0,0
S00474,VAR3,BRAF,0.1,0.05952046191280187,431,SiteB,SiteB_Run02,Operator1,3,0,1
S00475,VAR3,BRAF,0.1,0.10013735499596557,821,SiteB,SiteB_Run03,Operator1,1,0,1
S00476,VAR3,BRAF,0.1,0.10239025271798222,741,SiteB,SiteB_Run03,Operator2,2,0,0
S00477,VAR3,BRAF,0.1,0.097050428097331,726,SiteB,SiteB_Run03,Operator1,3,0,0
S00478,VAR3,BRAF,0.1,0.11613401704136912,757,SiteC,SiteC_Run01,Operator1,1,0,0
S00479,VAR3,BRAF,0.1,0.10251172142106531,847,SiteC,SiteC_Run01,Operator2,2,0,0
S00480,VAR3,BRAF,0.1,0.08558921109082418,859,SiteC,SiteC_Run01,Operator1,3,0,0
S00481,VAR3,BRAF,0.1,0.13257875511587733,766,SiteC,SiteC_Run02,Operator1,1,0,0
S00482,VAR3,BRAF,0.1,0.09429119606346284,511,SiteC,SiteC_Run02,Operator2,2,0,0
S00483,VAR3,BRAF,0.1,0.1129907452582854,584,SiteC,SiteC_Run02,Operator1,3,0,1
S00484,VAR3,BRAF,0.1,0.08752007275906176,580,SiteC,SiteC_Run03,Operator1,1,0,0
S00485,VAR3,BRAF,0.1,0.08089836472573379,914,SiteC,SiteC_Run03,Operator2,2,0,0
S00486,VAR3,BRAF,0.1,0.08858853488692545,763,SiteC,SiteC_Run03,Operator1,3,0,0
S00487,VAR3,BRAF,0.25,0.20236897370497373,840,SiteA,SiteA_Run01,Operator1,1,0,1
S00488,VAR3,BRAF,0.25,0.2781282149980484,566,SiteA,SiteA_Run01,Operator2,2,0,0
S00489,VAR3,BRAF,0.25,0.18328501402060038,720,SiteA,SiteA_Run01,Operator1,3,0,0
S00490,VAR3,BRAF,0.25,0.2055651519483423,884,SiteA,SiteA_Run02,Operator1,1,0,0
S00491,VAR3,BRAF,0.25,0.251364628682916,773,SiteA,SiteA_Run02,Operator2,2,0,0
S00492,VAR3,BRAF,0.25,0.1773892471516931,783,SiteA,SiteA_Run02,Operator1,3,0,0
S00493,VAR3,BRAF,0.25,0.22598831910573675,789,SiteA,SiteA_Run03,Operator1,1,0,0
S00494,VAR3,BRAF,0.25,0.2352094471516063,982,SiteA,SiteA_Run03,Operator2,2,0,0
S00495,VAR3,BRAF,0.25,0.32723434478603863,708,SiteA,SiteA_Run03,Operator1,3,0,0
S00496,VAR3,BRAF,0.25,0.23744917004431196,901,SiteB,SiteB_Run01,Operator1,1,0,0
S00497,VAR3,BRAF,0.25,0.22515824311371554,935,SiteB,SiteB_Run01,Operator2,2,0,1
S00498,VAR3,BRAF,0.25,0.21894429967161233,622,SiteB,SiteB_Run01,Operator1,3,0,0
S00499,VAR3,BRAF,0.25,0.27339157982275303,818,SiteB,SiteB_Run02,Operator1,1,0,0
S00500,VAR3,BRAF,0.25,0.2345270003813172,798,SiteB,SiteB_Run02,Operator2,2,0,0
S00501,VAR3,BRAF,0.25,0.22423736318145357,954,SiteB,SiteB_Run02,Operator1,3,0,1
S00502,VAR3,BRAF,0.25,0.23640022312213213,937,SiteB,SiteB_Run03,Operator1,1,0,0
S00503,VAR3,BRAF,0.25,0.3093605539518319,800,SiteB,SiteB_Run03,Operator2,2,0,1
S00504,VAR3,BRAF,0.25,0.3420738562486637,820,SiteB,SiteB_Run03,Operator1,3,0,0
S00505,VAR3,BRAF,0.25,0.21982647872498673,692,SiteC,SiteC_Run01,Operator1,1,0,1
S00506,VAR3,BRAF,0.25,0.25102819602016035,770,SiteC,SiteC_Run01,Operator2,2,0,0
S00507,VAR3,BRAF,0.25,0.23430507983684443,646,SiteC,SiteC_Run01,Operator1,3,0,0
S00508,VAR3,BRAF,0.25,0.3624694236905435,655,SiteC,SiteC_Run02,Operator1,1,0,1
S00509,VAR3,BRAF,0.25,0.2813540151735918,617,SiteC,SiteC_Run02,Operator2,2,1,0
S00510,VAR3,BRAF,0.25,0.17509620651555519,925,SiteC,SiteC_Run02,Operator1,3,0,0
S00511,VAR3,BRAF,0.25,0.22921012928385312,967,SiteC,SiteC_Run03,Operator1,1,0,0
S00512,VAR3,BRAF,0.25,0.1580499268006476,738,SiteC,SiteC_Run03,Operator2,2,0,0
S00513,VAR3,BRAF,0.25,0.24539468417704038,631,SiteC,SiteC_Run03,Operator1,3,0,1
S00514,VAR3,BRAF,0.5,0.5755931009428704,787,SiteA,SiteA_Run01,Operator1,1,0,0
S00515,VAR3,BRAF,0.5,0.41809562494434893,1136,SiteA,SiteA_Run01,Operator2,2,0,0
S00516,VAR3,BRAF,0.5,0.3868769717399272,1106,SiteA,SiteA_Run01,Operator1,3,0,0
S00517,VAR3,BRAF,0.5,0.6427558407641046,542,SiteA,SiteA_Run02,Operator1,1,0,0
S00518,VAR3,BRAF,0.5,0.412271495714367,746,SiteA,SiteA_Run02,Operator2,2,0,0
S00519,VAR3,BRAF,0.5,0.5995413070733967,1030,SiteA,SiteA_Run02,Operator1,3,0,0
S00520,VAR3,BRAF,0.5,0.5218722474041386,794,SiteA,SiteA_Run03,Operator1,1,0,0
S00521,VAR3,BRAF,0.5,0.5963410428588459,1040,SiteA,SiteA_Run03,Operator2,2,0,0
S00522,VAR3,BRAF,0.5,0.6110123049961733,750,SiteA,SiteA_Run03,Operator1,3,0,0
S00523,VAR3,BRAF,0.5,0.628031421426863,891,SiteB,SiteB_Run01,Operator1,1,0,0
S00524,VAR3,BRAF,0.5,0.6402221777751097,834,SiteB,SiteB_Run01,Operator2,2,0,1
S00525,VAR3,BRAF,0.5,0.5304302132820308,1284,SiteB,SiteB_Run01,Operator1,3,0,0
S00526,VAR3,BRAF,0.5,0.5174745282438359,938,SiteB,SiteB_Run02,Operator1,1,1,0
S00527,VAR3,BRAF,0.5,0.41303413541542366,619,SiteB,SiteB_Run02,Operator2,2,0,0
S00528,VAR3,BRAF,0.5,0.3924959717886107,709,SiteB,SiteB_Run02,Operator1,3,0,0
S00529,VAR3,BRAF,0.5,0.44333757441647137,856,SiteB,SiteB_Run03,Operator1,1,0,1
S00530,VAR3,BRAF,0.5,0.4866011876737046,515,SiteB,SiteB_Run03,Operator2,2,0,0
S00531,VAR3,BRAF,0.5,0.41040872010010004,529,SiteB,SiteB_Run03,Operator1,3,0,0
S00532,VAR3,BRAF,0.5,0.5905138566634045,632,SiteC,SiteC_Run01,Operator1,1,0,0
S00533,VAR3,BRAF,0.5,0.42649310278621005,748,SiteC,SiteC_Run01,Operator2,2,1,0
S00534,VAR3,BRAF,0.5,0.53523238700836,986,SiteC,SiteC_Run01,Operator1,3,0,0
S00535,VAR3,BRAF,0.5,0.5950789361184337,759,SiteC,SiteC_Run02,Operator1,1,0,0
S00536,VAR3,BRAF,0.5,0.39471970182541527,824,SiteC,SiteC_Run02,Operator2,2,0,0
S00537,VAR3,BRAF,0.5,0.6135040671615579,790,SiteC,SiteC_Run02,Operator1,3,0,0
S00538,VAR3,BRAF,0.5,0.3279696859318307,694,SiteC,SiteC_Run03,Operator1,1,0,0
S00539,VAR3,BRAF,0.5,0.5235123524692737,1004,SiteC,SiteC_Run03,Operator2,2,0,0
S00540,VAR3,BRAF,0.5,0.676512047978383,636,SiteC,SiteC_Run03,Operator1,3,0,0
S00541,VAR3,BRAF,1,1.117492792510926,766,SiteA,SiteA_Run01,Operator1,1,0,0
S00542,VAR3,BRAF,1,1.2007853009924074,748,SiteA,SiteA_Run01,Operator2,2,0,0
S00543,VAR3,BRAF,1,0.8952257795606365,880,SiteA,SiteA_Run01,Operator1,3,0,0
S00544,VAR3,BRAF,1,1.0614917370410513,1041,SiteA,SiteA_Run02,Operator1,1,0,1
S00545,VAR3,BRAF,1,1.2476676244710967,877,SiteA,SiteA_Run02,Operator2,2,1,1
S00546,VAR3,BRAF,1,0.7665694968793256,1007,SiteA,SiteA_Run02,Operator1,3,1,0
S00547,VAR3,BRAF,1,1.2218166710171956,914,SiteA,SiteA_Run03,Operator1,1,0,0
S00548,VAR3,BRAF,1,0.754378705784904,706,SiteA,SiteA_Run03,Operator2,2,0,1
S00549,VAR3,BRAF,1,0.9050580398241285,812,SiteA,SiteA_Run03,Operator1,3,0,0
S00550,VAR3,BRAF,1,1.6897006287598306,1006,SiteB,SiteB_Run01,Operator1,1,0,0
S00551,VAR3,BRAF,1,1.1075308889031692,566,SiteB,SiteB_Run01,Operator2,2,0,0
S00552,VAR3,BRAF,1,0.9819954158224224,849,SiteB,SiteB_Run01,Operator1,3,0,0
S00553,VAR3,BRAF,1,1.2162266255100482,776,SiteB,SiteB_Run02,Operator1,1,0,0
S00554,VAR3,BRAF,1,0.9524080316152236,932,SiteB,SiteB_Run02,Operator2,2,0,0
S00555,VAR3,BRAF,1,1.132425499202743,913,SiteB,SiteB_Run02,Operator1,3,0,0
S00556,VAR3,BRAF,1,0.9334022415601382,845,SiteB,SiteB_Run03,Operator1,1,0,0
S00557,VAR3,BRAF,1,0.6243495387632841,1024,SiteB,SiteB_Run03,Operator2,2,0,0
S00558,VAR3,BRAF,1,1.0990844627684127,571,SiteB,SiteB_Run03,Operator1,3,1,1
S00559,VAR3,BRAF,1,0.9027622593083429,937,SiteC,SiteC_Run01,Operator1,1,1,0
S00560,VAR3,BRAF,1,0.8916153691045811,563,SiteC,SiteC_Run01,Operator2,2,0,0
S00561,VAR3,BRAF,1,1.0007597291938588,888,SiteC,SiteC_Run01,Operator1,3,0,0
S00562,VAR3,BRAF,1,1.3080143002728584,813,SiteC,SiteC_Run02,Operator1,1,0,1
S00563,VAR3,BRAF,1,1.0608731572661585,945,SiteC,SiteC_Run02,Operator2,2,0,0
S00564,VAR3,BRAF,1,1.1833594544055115,812,SiteC,SiteC_Run02,Operator1,3,0,0
S00565,VAR3,BRAF,1,1.1340699181752545,565,SiteC,SiteC_Run03,Operator1,1,0,0
S00566,VAR3,BRAF,1,1.020527530016992,499,SiteC,SiteC_Run03,Operator2,2,1,1
S00567,VAR3,BRAF,1,1.1436491683848788,881,SiteC,SiteC_Run03,Operator1,3,0,0
S00568,VAR3,BRAF,2,1.945431698984037,789,SiteA,SiteA_Run01,Operator1,1,0,0
S00569,VAR3,BRAF,2,1.5578158279916472,714,SiteA,SiteA_Run01,Operator2,2,0,0
S00570,VAR3,BRAF,2,2.1440021144019674,753,SiteA,SiteA_Run01,Operator1,3,0,0
S00571,VAR3,BRAF,2,1.2681820886300148,699,SiteA,SiteA_Run02,Operator1,1,0,0
S00572,VAR3,BRAF,2,1.6419841273405114,776,SiteA,SiteA_Run02,Operator2,2,0,0
S00573,VAR3,BRAF,2,1.9763247082231672,660,SiteA,SiteA_Run02,Operator1,3,0,0
S00574,VAR3,BRAF,2,1.9367189578943602,503,SiteA,SiteA_Run03,Operator1,1,0,1
S00575,VAR3,BRAF,2,1.8387295597565767,767,SiteA,SiteA_Run03,Operator2,2,1,0
S00576,VAR3,BRAF,2,2.4372378851876944,957,SiteA,SiteA_Run03,Operator1,3,0,0
S00577,VAR3,BRAF,2,1.6148214969122556,1082,SiteB,SiteB_Run01,Operator1,1,1,0
S00578,VAR3,BRAF,2,1.1858009899842707,800,SiteB,SiteB_Run01,Operator2,2,1,0
S00579,VAR3,BRAF,2,2.3378636916589914,788,SiteB,SiteB_Run01,Operator1,3,0,0
S00580,VAR3,BRAF,2,2.018123653387082,944,SiteB,SiteB_Run02,Operator1,1,0,0
S00581,VAR3,BRAF,2,1.9570717456523294,808,SiteB,SiteB_Run02,Operator2,2,0,0
S00582,VAR3,BRAF,2,1.849475931235939,735,SiteB,SiteB_Run02,Operator1,3,0,0
S00583,VAR3,BRAF,2,1.427246808432783,539,SiteB,SiteB_Run03,Operator1,1,0,0
S00584,VAR3,BRAF,2,1.6530239202248347,610,SiteB,SiteB_Run03,Operator2,2,0,0
S00585,VAR3,BRAF,2,2.213621811793025,861,SiteB,SiteB_Run03,Operator1,3,0,0
S00586,VAR3,BRAF,2,2.0075406192073726,581,SiteC,SiteC_Run01,Operator1,1,0,0
S00587,VAR3,BRAF,2,1.5058614189329262,957,SiteC,SiteC_Run01,Operator2,2,1,0
S00588,VAR3,BRAF,2,2.254169397198792,598,SiteC,SiteC_Run01,Operator1,3,0,0
S00589,VAR3,BRAF,2,2.3406369774421223,771,SiteC,SiteC_Run02,Operator1,1,0,1
S00590,VAR3,BRAF,2,1.9468653598500045,800,SiteC,SiteC_Run02,Operator2,2,0,0
S00591,VAR3,BRAF,2,1.9934561219483289,798,SiteC,SiteC_Run02,Operator1,3,0,0
S00592,VAR3,BRAF,2,2.6511016277680315,823,SiteC,SiteC_Run03,Operator1,1,1,0
S00593,VAR3,BRAF,2,2.164338820925555,890,SiteC,SiteC_Run03,Operator2,2,0,0
S00594,VAR3,BRAF,2,2.5526249099442864,781,SiteC,SiteC_Run03,Operator1,3,1,0
S00595,VAR3,BRAF,5,4.955125373380376,763,SiteA,SiteA_Run01,Operator1,1,0,0
S00596,VAR3,BRAF,5,6.721662242094978,824,SiteA,SiteA_Run01,Operator2,2,0,0
S00597,VAR3,BRAF,5,4.924886137638708,735,SiteA,SiteA_Run01,Operator1,3,0,0
S00598,VAR3,BRAF,5,6.007373334672846,1031,SiteA,SiteA_Run02,Operator1,1,0,0
S00599,VAR3,BRAF,5,4.666839937329495,474,SiteA,SiteA_Run02,Operator2,2,0,0
S00600,VAR3,BRAF,5,4.0310922992195755,954,SiteA,SiteA_Run02,Operator1,3,1,0
S00601,VAR3,BRAF,5,6.108974123785526,763,SiteA,SiteA_Run03,Operator1,1,0,0
S00602,VAR3,BRAF,5,7.914042558639755,863,SiteA,SiteA_Run03,Operator2,2,1,0
S00603,VAR3,BRAF,5,4.6845145357215205,948,SiteA,SiteA_Run03,Operator1,3,0,0
S00604,VAR3,BRAF,5,6.707384865558877,925,SiteB,SiteB_Run01,Operator1,1,0,0
S00605,VAR3,BRAF,5,4.7686160464955085,701,SiteB,SiteB_Run01,Operator2,2,0,1
S00606,VAR3,BRAF,5,6.014279365483749,1035,SiteB,SiteB_Run01,Operator1,3,0,0
S00607,VAR3,BRAF,5,4.102512336694338,557,SiteB,SiteB_Run02,Operator1,1,0,1
S00608,VAR3,BRAF,5,5.28338593676679,930,SiteB,SiteB_Run02,Operator2,2,0,0
S00609,VAR3,BRAF,5,4.291797718315079,723,SiteB,SiteB_Run02,Operator1,3,0,0
S00610,VAR3,BRAF,5,3.8152855667093943,512,SiteB,SiteB_Run03,Operator1,1,0,1
S00611,VAR3,BRAF,5,5.699866733501336,520,SiteB,SiteB_Run03,Operator2,2,0,0
S00612,VAR3,BRAF,5,6.898936466995329,837,SiteB,SiteB_Run03,Operator1,3,0,0
S00613,VAR3,BRAF,5,4.270523927056973,1134,SiteC,SiteC_Run01,Operator1,1,0,0
S00614,VAR3,BRAF,5,4.189840598650594,841,SiteC,SiteC_Run01,Operator2,2,0,1
S00615,VAR3,BRAF,5,4.034712267765711,970,SiteC,SiteC_Run01,Operator1,3,0,0
S00616,VAR3,BRAF,5,4.562221683378024,926,SiteC,SiteC_Run02,Operator1,1,0,0
S00617,VAR3,BRAF,5,5.7119890930176,702,SiteC,SiteC_Run02,Operator2,2,1,0
S00618,VAR3,BRAF,5,5.765452000618147,943,SiteC,SiteC_Run02,Operator1,3,0,0
S00619,VAR3,BRAF,5,5.463167544695845,853,SiteC,SiteC_Run03,Operator1,1,0,1
S00620,VAR3,BRAF,5,5.820320767096225,831,SiteC,SiteC_Run03,Operator2,2,0,0
S00621,VAR3,BRAF,5,4.5524355671509555,950,SiteC,SiteC_Run03,Operator1,3,0,1
S00622,VAR3,BRAF,10,9.660477691013567,912,SiteA,SiteA_Run01,Operator1,1,0,1
S00623,VAR3,BRAF,10,11.461516964151347,706,SiteA,SiteA_Run01,Operator2,2,0,0
S00624,VAR3,BRAF,10,9.452408978182982,859,SiteA,SiteA_Run01,Operator1,3,0,0
S00625,VAR3,BRAF,10,8.250390876613384,666,SiteA,SiteA_Run02,Operator1,1,1,0
S00626,VAR3,BRAF,10,7.591696346874065,895,SiteA,SiteA_Run02,Operator2,2,1,1
S00627,VAR3,BRAF,10,17.151787924263516,735,SiteA,SiteA_Run02,Operator1,3,0,0
S00628,VAR3,BRAF,10,7.1181088691724,868,SiteA,SiteA_Run03,Operator1,1,0,0
S00629,VAR3,BRAF,10,10.058805535263248,855,SiteA,SiteA_Run03,Operator2,2,0,0
S00630,VAR3,BRAF,10,14.723545693682418,759,SiteA,SiteA_Run03,Operator1,3,0,1
S00631,VAR3,BRAF,10,11.823478618308075,870,SiteB,SiteB_Run01,Operator1,1,1,0
S00632,VAR3,BRAF,10,9.636093874605224,886,SiteB,SiteB_Run01,Operator2,2,0,1
S00633,VAR3,BRAF,10,11.125624135509629,765,SiteB,SiteB_Run01,Operator1,3,0,0
S00634,VAR3,BRAF,10,14.290233635625022,976,SiteB,SiteB_Run02,Operator1,1,1,0
S00635,VAR3,BRAF,10,10.386539167227474,1009,SiteB,SiteB_Run02,Operator2,2,0,1
S00636,VAR3,BRAF,10,8.92420805644029,701,SiteB,SiteB_Run02,Operator1,3,1,0
S00637,VAR3,BRAF,10,13.369335404442442,683,SiteB,SiteB_Run03,Operator1,1,0,1
S00638,VAR3,BRAF,10,14.532445690895425,877,SiteB,SiteB_Run03,Operator2,2,0,0
S00639,VAR3,BRAF,10,8.212637399853456,663,SiteB,SiteB_Run03,Operator1,3,1,0
S00640,VAR3,BRAF,10,11.545969855005653,733,SiteC,SiteC_Run01,Operator1,1,0,0
S00641,VAR3,BRAF,10,10.26206978046137,920,SiteC,SiteC_Run01,Operator2,2,1,0
S00642,VAR3,BRAF,10,11.506514517615166,714,SiteC,SiteC_Run01,Operator1,3,0,0
S00643,VAR3,BRAF,10,11.110878343767755,511,SiteC,SiteC_Run02,Operator1,1,0,1
S00644,VAR3,BRAF,10,9.959057844565816,900,SiteC,SiteC_Run02,Operator2,2,0,0
S00645,VAR3,BRAF,10,10.916062217112948,560,SiteC,SiteC_Run02,Operator1,3,1,0
S00646,VAR3,BRAF,10,7.849731911844348,597,SiteC,SiteC_Run03,Operator1,1,1,0
S00647,VAR3,BRAF,10,7.551159323302886,347,SiteC,SiteC_Run03,Operator2,2,0,0
S00648,VAR3,BRAF,10,11.55057159439988,925,SiteC,SiteC_Run03,Operator1,3,1,0
