sample_id,variant_id,gene,truth_present,truth_vaf,reference_panel
S00001,VAR1,EGFR,0,0,GIAB_mock
S00002,VAR1,EGFR,0,0,GIAB_mock
S00003,VAR1,EGFR,0,0,GIAB_mock
S00004,VAR1,EGFR,0,0,GIAB_mock
S00005,VAR1,EGFR,0,0,GIAB_mock
S00006,VAR1,EGFR,0,0,GIAB_mock
S00007,VAR1,EGFR,0,0,GIAB_mock
S00008,VAR1,EGFR,0,0,GIAB_mock
S00009,VAR1,EGFR,0,0,GIAB_mock
S00010,VAR1,EGFR,0,0,GIAB_mock
S00011,VAR1,EGFR,0,0,GIAB_mock
S00012,VAR1,EGFR,0,0,GIAB_mock
S00013,VAR1,EGFR,0,0,GIAB_mock
S00014,VAR1,EGFR,0,0,GIAB_mock
S00015,VAR1,EGFR,0,0,GIAB_mock
S00016,VAR1,EGFR,0,0,GIAB_mock
S00017,VAR1,EGFR,0,0,GIAB_mock
S00018,VAR1,EGFR,0,0,GIAB_mock
S00019,VAR1,EGFR,0,0,GIAB_mock
S00020,VAR1,EGFR,0,0,GIAB_mock
S00021,VAR1,EGFR,0,0,GIAB_mock
S00022,VAR1,EGFR,0,0,GIAB_mock
S00023,VAR1,EGFR,0,0,GIAB_mock
S00024,VAR1,EGFR,0,0,GIAB_mock
S00025,VAR1,EGFR,0,0,GIAB_mock
S00026,VAR1,EGFR,0,0,GIAB_mock
S00027,VAR1,EGFR,0,0,GIAB_mock
S00028,VAR1,EGFR,1,0.1,GIAB_mock
S00029,VAR1,EGFR,1,0.1,GIAB_mock
S00030,VAR1,EGFR,1,0.1,GIAB_mock
S00031,VAR1,EGFR,1,0.1,GIAB_mock
S00032,VAR1,EGFR,1,0.1,GIAB_mock
S00033,VAR1,EGFR,1,0.1,GIAB_mock
S00034,VAR1,EGFR,1,0.1,GIAB_mock
S00035,VAR1,EGFR,1,0.1,GIAB_mock
S00036,VAR1,EGFR,1,0.1,GIAB_mock
S00037,VAR1,EGFR,1,0.1,GIAB_mock
S00038,VAR1,EGFR,1,0.1,GIAB_mock
S00039,VAR1,EGFR,1,0.1,GIAB_mock
S00040,VAR1,EGFR,1,0.1,GIAB_mock
S00041,VAR1,EGFR,1,0.1,GIAB_mock
S00042,VAR1,EGFR,1,0.1,GIAB_mock
S00043,VAR1,EGFR,1,0.1,GIAB_mock
S00044,VAR1,EGFR,1,0.1,GIAB_mock
S00045,VAR1,EGFR,1,0.1,GIAB_mock
S00046,VAR1,EGFR,1,0.1,GIAB_mock
S00047,VAR1,EGFR,1,0.1,GIAB_mock
S00048,VAR1,EGFR,1,0.1,GIAB_mock
S00049,VAR1,EGFR,1,0.1,GIAB_mock
S00050,VAR1,EGFR,1,0.1,GIAB_mock
S00051,VAR1,EGFR,1,0.1,GIAB_mock
S00052,VAR1,EGFR,1,0.1,GIAB_mock
S00053,VAR1,EGFR,1,0.1,GIAB_mock
S00054,VAR1,EGFR,1,0.1,GIAB_mock
S00055,VAR1,EGFR,1,0.25,GIAB_mock
S00056,VAR1,EGFR,1,0.25,GIAB_mock
S00057,VAR1,EGFR,1,0.25,GIAB_mock
S00058,VAR1,EGFR,1,0.25,GIAB_mock
S00059,VAR1,EGFR,1,0.25,GIAB_mock
S00060,VAR1,EGFR,1,0.25,GIAB_mock
S00061,VAR1,EGFR,1,0.25,GIAB_mock
S00062,VAR1,EGFR,1,0.25,GIAB_mock
S00063,VAR1,EGFR,1,0.25,GIAB_mock
S00064,VAR1,EGFR,1,0.25,GIAB_mock
S00065,VAR1,EGFR,1,0.25,GIAB_mock
S00066,VAR1,EGFR,1,0.25,GIAB_mock
S00067,VAR1,EGFR,1,0.25,GIAB_mock
S00068,VAR1,EGFR,1,0.25,GIAB_mock
S00069,VAR1,EGFR,1,0.25,GIAB_mock
S00070,VAR1,EGFR,1,0.25,GIAB_mock
S00071,VAR1,EGFR,1,0.25,GIAB_mock
S00072,VAR1,EGFR,1,0.25,GIAB_mock
S00073,VAR1,EGFR,1,0.25,GIAB_mock
S00074,VAR1,EGFR,1,0.25,GIAB_mock
S00075,VAR1,EGFR,1,0.25,GIAB_mock
S00076,VAR1,EGFR,1,0.25,GIAB_mock
S00077,VAR1,EGFR,1,0.25,GIAB_mock
S00078,VAR1,EGFR,1,0.25,GIAB_mock
S00079,VAR1,EGFR,1,0.25,GIAB_mock
S00080,VAR1,EGFR,1,0.25,GIAB_mock
S00081,VAR1,EGFR,1,0.25,GIAB_mock
S00082,VAR1,EGFR,1,0.5,GIAB_mock
S00083,VAR1,EGFR,1,0.5,GIAB_mock
S00084,VAR1,EGFR,1,0.5,GIAB_mock
S00085,VAR1,EGFR,1,0.5,GIAB_mock
S00086,VAR1,EGFR,1,0.5,GIAB_mock
S00087,VAR1,EGFR,1,0.5,GIAB_mock
S00088,VAR1,EGFR,1,0.5,GIAB_mock
S00089,VAR1,EGFR,1,0.5,GIAB_mock
S00090,VAR1,EGFR,1,0.5,GIAB_mock
S00091,VAR1,EGFR,1,0.5,GIAB_mock
S00092,VAR1,EGFR,1,0.5,GIAB_mock
S00093,VAR1,EGFR,1,0.5,GIAB_mock
S00094,VAR1,EGFR,1,0.5,GIAB_mock
S00095,VAR1,EGFR,1,0.5,GIAB_mock
S00096,VAR1,EGFR,1,0.5,GIAB_mock
S00097,VAR1,EGFR,1,0.5,GIAB_mock
S00098,VAR1,EGFR,1,0.5,GIAB_mock
S00099,VAR1,EGFR,1,0.5,GIAB_mock
S00100,VAR1,EGFR,1,0.5,GIAB_mock
S00101,VAR1,EGFR,1,0.5,GIAB_mock
S00102,VAR1,EGFR,1,0.5,GIAB_mock
S00103,VAR1,EGFR,1,0.5,GIAB_mock
S00104,VAR1,EGFR,1,0.5,GIAB_mock
S00105,VAR1,EGFR,1,0.5,GIAB_mock
S00106,VAR1,EGFR,1,0.5,GIAB_mock
S00107,VAR1,EGFR,1,0.5,GIAB_mock
S00108,VAR1,EGFR,1,0.5,GIAB_mock
S00109,VAR1,EGFR,1,1,GIAB_mock
S00110,VAR1,EGFR,1,1,GIAB_mock
S00111,VAR1,EGFR,1,1,GIAB_mock
S00112,VAR1,EGFR,1,1,GIAB_mock
S00113,VAR1,EGFR,1,1,GIAB_mock
S00114,VAR1,EGFR,1,1,GIAB_mock
S00115,VAR1,EGFR,1,1,GIAB_mock
S00116,VAR1,EGFR,1,1,GIAB_mock
S00117,VAR1,EGFR,1,1,GIAB_mock
S00118,VAR1,EGFR,1,1,GIAB_mock
S00119,VAR1,EGFR,1,1,GIAB_mock
S00120,VAR1,EGFR,1,1,GIAB_mock
S00121,VAR1,EGFR,1,1,GIAB_mock
S00122,VAR1,EGFR,1,1,GIAB_mock
S00123,VAR1,EGFR,1,1,GIAB_mock
S00124,VAR1,EGFR,1,1,GIAB_mock
S00125,VAR1,EGFR,1,1,GIAB_mock
S00126,VAR1,EGFR,1,1,GIAB_mock
S00127,VAR1,EGFR,1,1,GIAB_mock
S00128,VAR1,EGFR,1,1,GIAB_mock
S00129,VAR1,EGFR,1,1,GIAB_mock
S00130,VAR1,EGFR,1,1,GIAB_mock
S00131,VAR1,EGFR,1,1,GIAB_mock
S00132,VAR1,EGFR,1,1,GIAB_mock
S00133,VAR1,EGFR,1,1,GIAB_mock
S00134,VAR1,EGFR,1,1,GIAB_mock
S00135,VAR1,EGFR,1,1,GIAB_mock
S00136,VAR1,EGFR,1,2,GIAB_mock
S00137,VAR1,EGFR,1,2,GIAB_mock
S00138,VAR1,EGFR,1,2,GIAB_mock
S00139,VAR1,EGFR,1,2,GIAB_mock
S00140,VAR1,EGFR,1,2,GIAB_mock
S00141,VAR1,EGFR,1,2,GIAB_mock
S00142,VAR1,EGFR,1,2,GIAB_mock
S00143,VAR1,EGFR,1,2,GIAB_mock
S00144,VAR1,EGFR,1,2,GIAB_mock
S00145,VAR1,EGFR,1,2,GIAB_mock
S00146,VAR1,EGFR,1,2,GIAB_mock
S00147,VAR1,EGFR,1,2,GIAB_mock
S00148,VAR1,EGFR,1,2,GIAB_mock
S00149,VAR1,EGFR,1,2,GIAB_mock
S00150,VAR1,EGFR,1,2,GIAB_mock
S00151,VAR1,EGFR,1,2,GIAB_mock
S00152,VAR1,EGFR,1,2,GIAB_mock
S00153,VAR1,EGFR,1,2,GIAB_mock
S00154,VAR1,EGFR,1,2,GIAB_mock
S00155,VAR1,EGFR,1,2,GIAB_mock
S00156,VAR1,EGFR,1,2,GIAB_mock
S00157,VAR1,EGFR,1,2,GIAB_mock
S00158,VAR1,EGFR,1,2,GIAB_mock
S00159,VAR1,EGFR,1,2,GIAB_mock
S00160,VAR1,EGFR,1,2,GIAB_mock
S00161,VAR1,EGFR,1,2,GIAB_mock
S00162,VAR1,EGFR,1,2,GIAB_mock
S00163,VAR1,EGFR,1,5,GIAB_mock
S00164,VAR1,EGFR,1,5,GIAB_mock
S00165,VAR1,EGFR,1,5,GIAB_mock
S00166,VAR1,EGFR,1,5,GIAB_mock
S00167,VAR1,EGFR,1,5,GIAB_mock
S00168,VAR1,EGFR,1,5,GIAB_mock
S00169,VAR1,EGFR,1,5,GIAB_mock
S00170,VAR1,EGFR,1,5,GIAB_mock
S00171,VAR1,EGFR,1,5,GIAB_mock
S00172,VAR1,EGFR,1,5,GIAB_mock
S00173,VAR1,EGFR,1,5,GIAB_mock
S00174,VAR1,EGFR,1,5,GIAB_mock
S00175,VAR1,EGFR,1,5,GIAB_mock
S00176,VAR1,EGFR,1,5,GIAB_mock
S00177,VAR1,EGFR,1,5,GIAB_mock
S00178,VAR1,EGFR,1,5,GIAB_mock
S00179,VAR1,EGFR,1,5,GIAB_mock
S00180,VAR1,EGFR,1,5,GIAB_mock
S00181,VAR1,EGFR,1,5,GIAB_mock
S00182,VAR1,EGFR,1,5,GIAB_mock
S00183,VAR1,EGFR,1,5,GIAB_mock
S00184,VAR1,EGFR,1,5,GIAB_mock
S00185,VAR1,EGFR,1,5,GIAB_mock
S00186,VAR1,EGFR,1,5,GIAB_mock
S00187,VAR1,EGFR,1,5,GIAB_mock
S00188,VAR1,EGFR,1,5,GIAB_mock
S00189,VAR1,EGFR,1,5,GIAB_mock
S00190,VAR1,EGFR,1,10,GIAB_mock
S00191,VAR1,EGFR,1,10,GIAB_mock
S00192,VAR1,EGFR,1,10,GIAB_mock
S00193,VAR1,EGFR,1,10,GIAB_mock
S00194,VAR1,EGFR,1,10,GIAB_mock
S00195,VAR1,EGFR,1,10,GIAB_mock
S00196,VAR1,EGFR,1,10,GIAB_mock
S00197,VAR1,EGFR,1,10,GIAB_mock
S00198,VAR1,EGFR,1,10,GIAB_mock
S00199,VAR1,EGFR,1,10,GIAB_mock
S00200,VAR1,EGFR,1,10,GIAB_mock
S00201,VAR1,EGFR,1,10,GIAB_mock
S00202,VAR1,EGFR,1,10,GIAB_mock
S00203,VAR1,EGFR,1,10,GIAB_mock
S00204,VAR1,EGFR,1,10,GIAB_mock
S00205,VAR1,EGFR,1,10,GIAB_mock
S00206,VAR1,EGFR,1,10,GIAB_mock
S00207,VAR1,EGFR,1,10,GIAB_mock
S00208,VAR1,EGFR,1,10,GIAB_mock
S00209,VAR1,EGFR,1,10,GIAB_mock
S00210,VAR1,EGFR,1,10,GIAB_mock
S00211,VAR1,EGFR,1,10,GIAB_mock
S00212,VAR1,EGFR,1,10,GIAB_mock
S00213,VAR1,EGFR,1,10,GIAB_mock
S00214,VAR1,EGFR,1,10,GIAB_mock
S00215,VAR1,EGFR,1,10,GIAB_mock
S00216,VAR1,EGFR,1,10,GIAB_mock
S00217,VAR2,KRAS,0,0,consensus
S00218,VAR2,KRAS,0,0,consensus
S00219,VAR2,KRAS,0,0,consensus
S00220,VAR2,KRAS,0,0,consensus
S00221,VAR2,KRAS,0,0,consensus
S00222,VAR2,KRAS,0,0,consensus
S00223,VAR2,KRAS,0,0,consensus
S00224,VAR2,KRAS,0,0,consensus
S00225,VAR2,KRAS,0,0,consensus
S00226,VAR2,KRAS,0,0,consensus
S00227,VAR2,KRAS,0,0,consensus
S00228,VAR2,KRAS,0,0,consensus
S00229,VAR2,KRAS,0,0,consensus
S00230,VAR2,KRAS,0,0,consensus
S00231,VAR2,KRAS,0,0,consensus
S00232,VAR2,KRAS,0,0,consensus
S00233,VAR2,KRAS,0,0,consensus
S00234,VAR2,KRAS,0,0,consensus
S00235,VAR2,KRAS,0,0,consensus
S00236,VAR2,KRAS,0,0,consensus
S00237,VAR2,KRAS,0,0,consensus
S00238,VAR2,KRAS,0,0,consensus
S00239,VAR2,KRAS,0,0,consensus
S00240,VAR2,KRAS,0,0,consensus
S00241,VAR2,KRAS,0,0,consensus
S00242,VAR2,KRAS,0,0,consensus
S00243,VAR2,KRAS,0,0,consensus
S00244,VAR2,KRAS,1,0.1,consensus
S00245,VAR2,KRAS,1,0.1,consensus
S00246,VAR2,KRAS,1,0.1,consensus
S00247,VAR2,KRAS,1,0.1,consensus
S00248,VAR2,KRAS,1,0.1,consensus
S00249,VAR2,KRAS,1,0.1,consensus
S00250,VAR2,KRAS,1,0.1,consensus
S00251,VAR2,KRAS,1,0.1,consensus
S00252,VAR2,KRAS,1,0.1,consensus
S00253,VAR2,KRAS,1,0.1,consensus
S00254,VAR2,KRAS,1,0.1,consensus
S00255,VAR2,KRAS,1,0.1,consensus
S00256,VAR2,KRAS,1,0.1,consensus
S00257,VAR2,KRAS,1,0.1,consensus
S00258,VAR2,KRAS,1,0.1,consensus
S00259,VAR2,KRAS,1,0.1,consensus
S00260,VAR2,KRAS,1,0.1,consensus
S00261,VAR2,KRAS,1,0.1,consensus
S00262,VAR2,KRAS,1,0.1,consensus
S00263,VAR2,KRAS,1,0.1,consensus
S00264,VAR2,KRAS,1,0.1,consensus
S00265,VAR2,KRAS,1,0.1,consensus
S00266,VAR2,KRAS,1,0.1,consensus
S00267,VAR2,KRAS,1,0.1,consensus
S00268,VAR2,KRAS,1,0.1,consensus
S00269,VAR2,KRAS,1,0.1,consensus
S00270,VAR2,KRAS,1,0.1,consensus
S00271,VAR2,KRAS,1,0.25,consensus
S00272,VAR2,KRAS,1,0.25,consensus
S00273,VAR2,KRAS,1,0.25,consensus
S00274,VAR2,KRAS,1,0.25,consensus
S00275,VAR2,KRAS,1,0.25,consensus
S00276,VAR2,KRAS,1,0.25,consensus
S00277,VAR2,KRAS,1,0.25,consensus
S00278,VAR2,KRAS,1,0.25,consensus
S00279,VAR2,KRAS,1,0.25,consensus
S00280,VAR2,KRAS,1,0.25,consensus
S00281,VAR2,KRAS,1,0.25,consensus
S00282,VAR2,KRAS,1,0.25,consensus
S00283,VAR2,KRAS,1,0.25,consensus
S00284,VAR2,KRAS,1,0.25,consensus
S00285,VAR2,KRAS,1,0.25,consensus
S00286,VAR2,KRAS,1,0.25,consensus
S00287,VAR2,KRAS,1,0.25,consensus
S00288,VAR2,KRAS,1,0.25,consensus
S00289,VAR2,KRAS,1,0.25,consensus
S00290,VAR2,KRAS,1,0.25,consensus
S00291,VAR2,KRAS,1,0.25,consensus
S00292,VAR2,KRAS,1,0.25,consensus
S00293,VAR2,KRAS,1,0.25,consensus
S00294,VAR2,KRAS,1,0.25,consensus
S00295,VAR2,KRAS,1,0.25,consensus
S00296,VAR2,KRAS,1,0.25,consensus
S00297,VAR2,KRAS,1,0.25,consensus
S00298,VAR2,KRAS,1,0.5,consensus
S00299,VAR2,KRAS,1,0.5,consensus
S00300,VAR2,KRAS,1,0.5,consensus
S00301,VAR2,KRAS,1,0.5,consensus
S00302,VAR2,KRAS,1,0.5,consensus
S00303,VAR2,KRAS,1,0.5,consensus
S00304,VAR2,KRAS,1,0.5,consensus
S00305,VAR2,KRAS,1,0.5,consensus
S00306,VAR2,KRAS,1,0.5,consensus
S00307,VAR2,KRAS,1,0.5,consensus
S00308,VAR2,KRAS,1,0.5,consensus
S00309,VAR2,KRAS,1,0.5,consensus
S00310,VAR2,KRAS,1,0.5,consensus
S00311,VAR2,KRAS,1,0.5,consensus
S00312,VAR2,KRAS,1,0.5,consensus
S00313,VAR2,KRAS,1,0.5,consensus
S00314,VAR2,KRAS,1,0.5,consensus
S00315,VAR2,KRAS,1,0.5,consensus
S00316,VAR2,KRAS,1,0.5,consensus
S00317,VAR2,KRAS,1,0.5,consensus
S00318,VAR2,KRAS,1,0.5,consensus
S00319,VAR2,KRAS,1,0.5,consensus
S00320,VAR2,KRAS,1,0.5,consensus
S00321,VAR2,KRAS,1,0.5,consensus
S00322,VAR2,KRAS,1,0.5,consensus
S00323,VAR2,KRAS,1,0.5,consensus
S00324,VAR2,KRAS,1,0.5,consensus
S00325,VAR2,KRAS,1,1,consensus
S00326,VAR2,KRAS,1,1,consensus
S00327,VAR2,KRAS,1,1,consensus
S00328,VAR2,KRAS,1,1,consensus
S00329,VAR2,KRAS,1,1,consensus
S00330,VAR2,KRAS,1,1,consensus
S00331,VAR2,KRAS,1,1,consensus
S00332,VAR2,KRAS,1,1,consensus
S00333,VAR2,KRAS,1,1,consensus
S00334,VAR2,KRAS,1,1,consensus
S00335,VAR2,KRAS,1,1,consensus
S00336,VAR2,KRAS,1,1,consensus
S00337,VAR2,KRAS,1,1,consensus
S00338,VAR2,KRAS,1,1,consensus
S00339,VAR2,KRAS,1,1,consensus
S00340,VAR2,KRAS,1,1,consensus
S00341,VAR2,KRAS,1,1,consensus
S00342,VAR2,KRAS,1,1,consensus
S00343,VAR2,KRAS,1,1,consensus
S00344,VAR2,KRAS,1,1,consensus
S00345,VAR2,KRAS,1,1,consensus
S00346,VAR2,KRAS,1,1,consensus
S00347,VAR2,KRAS,1,1,consensus
S00348,VAR2,KRAS,1,1,consensus
S00349,VAR2,KRAS,1,1,consensus
S00350,VAR2,KRAS,1,1,consensus
S00351,VAR2,KRAS,1,1,consensus
S00352,VAR2,KRAS,1,2,consensus
S00353,VAR2,KRAS,1,2,consensus
S00354,VAR2,KRAS,1,2,consensus
S00355,VAR2,KRAS,1,2,consensus
S00356,VAR2,KRAS,1,2,consensus
S00357,VAR2,KRAS,1,2,consensus
S00358,VAR2,KRAS,1,2,consensus
S00359,VAR2,KRAS,1,2,consensus
S00360,VAR2,KRAS,1,2,consensus
S00361,VAR2,KRAS,1,2,consensus
S00362,VAR2,KRAS,1,2,consensus
S00363,VAR2,KRAS,1,2,consensus
S00364,VAR2,KRAS,1,2,consensus
S00365,VAR2,KRAS,1,2,consensus
S00366,VAR2,KRAS,1,2,consensus
S00367,VAR2,KRAS,1,2,consensus
S00368,VAR2,KRAS,1,2,consensus
S00369,VAR2,KRAS,1,2,consensus
S00370,VAR2,KRAS,1,2,consensus
S00371,VAR2,KRAS,1,2,consensus
S00372,VAR2,KRAS,1,2,consensus
S00373,VAR2,KRAS,1,2,consensus
S00374,VAR2,KRAS,1,2,consensus
S00375,VAR2,KRAS,1,2,consensus
S00376,VAR2,KRAS,1,2,consensus
S00377,VAR2,KRAS,1,2,consensus
S00378,VAR2,KRAS,1,2,consensus
S00379,VAR2,KRAS,1,5,consensus
S00380,VAR2,KRAS,1,5,consensus
S00381,VAR2,KRAS,1,5,consensus
S00382,VAR2,KRAS,1,5,consensus
S00383,VAR2,KRAS,1,5,consensus
S00384,VAR2,KRAS,1,5,consensus
S00385,VAR2,KRAS,1,5,consensus
S00386,VAR2,KRAS,1,5,consensus
S00387,VAR2,KRAS,1,5,consensus
S00388,VAR2,KRAS,1,5,consensus
S00389,VAR2,KRAS,1,5,consensus
S00390,VAR2,KRAS,1,5,consensus
S00391,VAR2,KRAS,1,5,consensus
S00392,VAR2,KRAS,1,5,consensus
S00393,VAR2,KRAS,1,5,consensus
S00394,VAR2,KRAS,1,5,consensus
S00395,VAR2,KRAS,1,5,consensus
S00396,VAR2,KRAS,1,5,consensus
S00397,VAR2,KRAS,1,5,consensus
S00398,VAR2,KRAS,1,5,consensus
S00399,VAR2,KRAS,1,5,consensus
S00400,VAR2,KRAS,1,5,consensus
S00401,VAR2,KRAS,1,5,consensus
S00402,VAR2,KRAS,1,5,consensus
S00403,VAR2,KRAS,1,5,consensus
S00404,VAR2,KRAS,1,5,consensus
S00405,VAR2,KRAS,1,5,consensus
S00406,VAR2,KRAS,1,10,consensus
S00407,VAR2,KRAS,1,10,consensus
S00408,VAR2,KRAS,1,10,consensus
S00409,VAR2,KRAS,1,10,consensus
S00410,VAR2,KRAS,1,10,consensus
S00411,VAR2,KRAS,1,10,consensus
S00412,VAR2,KRAS,1,10,consensus
S00413,VAR2,KRAS,1,10,consensus
S00414,VAR2,KRAS,1,10,consensus
S00415,VAR2,KRAS,1,10,consensus
S00416,VAR2,KRAS,1,10,consensus
S00417,VAR2,KRAS,1,10,consensus
S00418,VAR2,KRAS,1,10,consensus
S00419,VAR2,KRAS,1,10,consensus
S00420,VAR2,KRAS,1,10,consensus
S00421,VAR2,KRAS,1,10,consensus
S00422,VAR2,KRAS,1,10,consensus
S00423,VAR2,KRAS,1,10,consensus
S00424,VAR2,KRAS,1,10,consensus
S00425,VAR2,KRAS,1,10,consensus
S00426,VAR2,KRAS,1,10,consensus
S00427,VAR2,KRAS,1,10,consensus
S00428,VAR2,KRAS,1,10,consensus
S00429,VAR2,KRAS,1,10,consensus
S00430,VAR2,KRAS,1,10,consensus
S00431,VAR2,KRAS,1,10,consensus
S00432,VAR2,KRAS,1,10,consensus
S00433,VAR3,BRAF,0,0,consensus
S00434,VAR3,BRAF,0,0,consensus
S00435,VAR3,BRAF,0,0,consensus
S00436,VAR3,BRAF,0,0,consensus
S00437,VAR3,BRAF,0,0,consensus
S00438,VAR3,BRAF,0,0,consensus
S00439,VAR3,BRAF,0,0,consensus
S00440,VAR3,BRAF,0,0,consensus
S00441,VAR3,BRAF,0,0,consensus
S00442,VAR3,BRAF,0,0,consensus
S00443,VAR3,BRAF,0,0,consensus
S00444,VAR3,BRAF,0,0,consensus
S00445,VAR3,BRAF,0,0,consensus
S00446,VAR3,BRAF,0,0,consensus
S00447,VAR3,BRAF,0,0,consensus
S00448,VAR3,BRAF,0,0,consensus
S00449,VAR3,BRAF,0,0,consensus
S00450,VAR3,BRAF,0,0,consensus
S00451,VAR3,BRAF,0,0,consensus
S00452,VAR3,BRAF,0,0,consensus
S00453,VAR3,BRAF,0,0,consensus
S00454,VAR3,BRAF,0,0,consensus
S00455,VAR3,BRAF,0,0,consensus
S00456,VAR3,BRAF,0,0,consensus
S00457,VAR3,BRAF,0,0,consensus
S00458,VAR3,BRAF,0,0,consensus
S00459,VAR3,BRAF,0,0,consensus
S00460,VAR3,BRAF,1,0.1,consensus
S00461,VAR3,BRAF,1,0.1,consensus
S00462,VAR3,BRAF,1,0.1,consensus
S00463,VAR3,BRAF,1,0.1,consensus
S00464,VAR3,BRAF,1,0.1,consensus
S00465,VAR3,BRAF,1,0.1,consensus
S00466,VAR3,BRAF,1,0.1,consensus
S00467,VAR3,BRAF,1,0.1,consensus
S00468,VAR3,BRAF,1,0.1,consensus
S00469,VAR3,BRAF,1,0.1,consensus
S00470,VAR3,BRAF,1,0.1,consensus
S00471,VAR3,BRAF,1,0.1,consensus
S00472,VAR3,BRAF,1,0.1,consensus
S00473,VAR3,BRAF,1,0.1,consensus
S00474,VAR3,BRAF,1,0.1,consensus
S00475,VAR3,BRAF,1,0.1,consensus
S00476,VAR3,BRAF,1,0.1,consensus
S00477,VAR3,BRAF,1,0.1,consensus
S00478,VAR3,BRAF,1,0.1,consensus
S00479,VAR3,BRAF,1,0.1,consensus
S00480,VAR3,BRAF,1,0.1,consensus
S00481,VAR3,BRAF,1,0.1,consensus
S00482,VAR3,BRAF,1,0.1,consensus
S00483,VAR3,BRAF,1,0.1,consensus
S00484,VAR3,BRAF,1,0.1,consensus
S00485,VAR3,BRAF,1,0.1,consensus
S00486,VAR3,BRAF,1,0.1,consensus
S00487,VAR3,BRAF,1,0.25,consensus
S00488,VAR3,BRAF,1,0.25,consensus
S00489,VAR3,BRAF,1,0.25,consensus
S00490,VAR3,BRAF,1,0.25,consensus
S00491,VAR3,BRAF,1,0.25,consensus
S00492,VAR3,BRAF,1,0.25,consensus
S00493,VAR3,BRAF,1,0.25,consensus
S00494,VAR3,BRAF,1,0.25,consensus
S00495,VAR3,BRAF,1,0.25,consensus
S00496,VAR3,BRAF,1,0.25,consensus
S00497,VAR3,BRAF,1,0.25,consensus
S00498,VAR3,BRAF,1,0.25,consensus
S00499,VAR3,BRAF,1,0.25,consensus
S00500,VAR3,BRAF,1,0.25,consensus
S00501,VAR3,BRAF,1,0.25,consensus
S00502,VAR3,BRAF,1,0.25,consensus
S00503,VAR3,BRAF,1,0.25,consensus
S00504,VAR3,BRAF,1,0.25,consensus
S00505,VAR3,BRAF,1,0.25,consensus
S00506,VAR3,BRAF,1,0.25,consensus
S00507,VAR3,BRAF,1,0.25,consensus
S00508,VAR3,BRAF,1,0.25,consensus
S00509,VAR3,BRAF,1,0.25,consensus
S00510,VAR3,BRAF,1,0.25,consensus
S00511,VAR3,BRAF,1,0.25,consensus
S00512,VAR3,BRAF,1,0.25,consensus
S00513,VAR3,BRAF,1,0.25,consensus
S00514,VAR3,BRAF,1,0.5,consensus
S00515,VAR3,BRAF,1,0.5,consensus
S00516,VAR3,BRAF,1,0.5,consensus
S00517,VAR3,BRAF,1,0.5,consensus
S00518,VAR3,BRAF,1,0.5,consensus
S00519,VAR3,BRAF,1,0.5,consensus
S00520,VAR3,BRAF,1,0.5,consensus
S00521,VAR3,BRAF,1,0.5,consensus
S00522,VAR3,BRAF,1,0.5,consensus
S00523,VAR3,BRAF,1,0.5,consensus
S00524,VAR3,BRAF,1,0.5,consensus
S00525,VAR3,BRAF,1,0.5,consensus
S00526,VAR3,BRAF,1,0.5,consensus
S00527,VAR3,BRAF,1,0.5,consensus
S00528,VAR3,BRAF,1,0.5,consensus
S00529,VAR3,BRAF,1,0.5,consensus
S00530,VAR3,BRAF,1,0.5,consensus
S00531,VAR3,BRAF,1,0.5,consensus
S00532,VAR3,BRAF,1,0.5,consensus
S00533,VAR3,BRAF,1,0.5,consensus
S00534,VAR3,BRAF,1,0.5,consensus
S00535,VAR3,BRAF,1,0.5,consensus
S00536,VAR3,BRAF,1,0.5,consensus
S00537,VAR3,BRAF,1,0.5,consensus
S00538,VAR3,BRAF,1,0.5,consensus
S00539,VAR3,BRAF,1,0.5,consensus
S00540,VAR3,BRAF,1,0.5,consensus
S00541,VAR3,BRAF,1,1,consensus
S00542,VAR3,BRAF,1,1,consensus
S00543,VAR3,BRAF,1,1,consensus
S00544,VAR3,BRAF,1,1,consensus
S00545,VAR3,BRAF,1,1,consensus
S00546,VAR3,BRAF,1,1,consensus
S00547,VAR3,BRAF,1,1,consensus
S00548,VAR3,BRAF,1,1,consensus
S00549,VAR3,BRAF,1,1,consensus
S00550,VAR3,BRAF,1,1,consensus
S00551,VAR3,BRAF,1,1,consensus
S00552,VAR3,BRAF,1,1,consensus
S00553,VAR3,BRAF,1,1,consensus
S00554,VAR3,BRAF,1,1,consensus
S00555,VAR3,BRAF,1,1,consensus
S00556,VAR3,BRAF,1,1,consensus
S00557,VAR3,BRAF,1,1,consensus
S00558,VAR3,BRAF,1,1,consensus
S00559,VAR3,BRAF,1,1,consensus
S00560,VAR3,BRAF,1,1,consensus
S00561,VAR3,BRAF,1,1,consensus
S00562,VAR3,BRAF,1,1,consensus
S00563,VAR3,BRAF,1,1,consensus
S00564,VAR3,BRAF,1,1,consensus
S00565,VAR3,BRAF,1,1,consensus
S00566,VAR3,BRAF,1,1,consensus
S00567,VAR3,BRAF,1,1,consensus
S00568,VAR3,BRAF,1,2,consensus
S00569,VAR3,BRAF,1,2,consensus
S00570,VAR3,BRAF,1,2,consensus
S00571,VAR3,BRAF,1,2,consensus
S00572,VAR3,BRAF,1,2,consensus
S00573,VAR3,BRAF,1,2,consensus
S00574,VAR3,BRAF,1,2,consensus
S00575,VAR3,BRAF,1,2,consensus
S00576,VAR3,BRAF,1,2,consensus
S00577,VAR3,BRAF,1,2,consensus
S00578,VAR3,BRAF,1,2,consensus
S00579,VAR3,BRAF,1,2,consensus
S00580,VAR3,BRAF,1,2,consensus
S00581,VAR3,BRAF,1,2,consensus
S00582,VAR3,BRAF,1,2,consensus
S00583,VAR3,BRAF,1,2,consensus
S00584,VAR3,BRAF,1,2,consensus
S00585,VAR3,BRAF,1,2,consensus
S00586,VAR3,BRAF,1,2,consensus
S00587,VAR3,BRAF,1,2,consensus
S00588,VAR3,BRAF,1,2,consensus
S00589,VAR3,BRAF,1,2,consensus
S00590,VAR3,BRAF,1,2,consensus
S00591,VAR3,BRAF,1,2,consensus
S00592,VAR3,BRAF,1,2,consensus
S00593,VAR3,BRAF,1,2,consensus
S00594,VAR3,BRAF,1,2,consensus
S00595,VAR3,BRAF,1,5,consensus
S00596,VAR3,BRAF,1,5,consensus
S00597,VAR3,BRAF,1,5,consensus
S00598,VAR3,BRAF,1,5,consensus
S00599,VAR3,BRAF,1,5,consensus
S00600,VAR3,BRAF,1,5,consensus
S00601,VAR3,BRAF,1,5,consensus
S00602,VAR3,BRAF,1,5,consensus
S00603,VAR3,BRAF,1,5,consensus
S00604,VAR3,BRAF,1,5,consensus
S00605,VAR3,BRAF,1,5,consensus
S00606,VAR3,BRAF,1,5,consensus
S00607,VAR3,BRAF,1,5,consensus
S00608,VAR3,BRAF,1,5,consensus
S00609,VAR3,BRAF,1,5,consensus
S00610,VAR3,BRAF,1,5,consensus
S00611,VAR3,BRAF,1,5,consensus
S00612,VAR3,BRAF,1,5,consensus
S00613,VAR3,BRAF,1,5,consensus
S00614,VAR3,BRAF,1,5,consensus
S00615,VAR3,BRAF,1,5,consensus
S00616,VAR3,BRAF,1,5,consensus
S00617,VAR3,BRAF,1,5,consensus
S00618,VAR3,BRAF,1,5,consensus
S00619,VAR3,BRAF,1,5,consensus
S00620,VAR3,BRAF,1,5,consensus
S00621,VAR3,BRAF,1,5,consensus
S00622,VAR3,BRAF,1,10,consensus
S00623,VAR3,BRAF,1,10,consensus
S00624,VAR3,BRAF,1,10,consensus
S00625,VAR3,BRAF,1,10,consensus
S00626,VAR3,BRAF,1,10,consensus
S00627,VAR3,BRAF,1,10,consensus
S00628,VAR3,BRAF,1,10,consensus
S00629,VAR3,BRAF,1,10,consensus
S00630,VAR3,BRAF,1,10,consensus
S00631,VAR3,BRAF,1,10,consensus
S00632,VAR3,BRAF,1,10,consensus
S00633,VAR3,BRAF,1,10,consensus
S00634,VAR3,BRAF,1,10,consensus
S00635,VAR3,BRAF,1,10,consensus
S00636,VAR3,BRAF,1,10,consensus
S00637,VAR3,BRAF,1,10,consensus
S00638,VAR3,BRAF,1,10,consensus
S00639,VAR3,BRAF,1,10,consensus
S00640,VAR3,BRAF,1,10,consensus
S00641,VAR3,BRAF,1,10,consensus
S00642,VAR3,BRAF,1,10,consensus
S00643,VAR3,BRAF,1,10,consensus
S00644,VAR3,BRAF,1,10,consensus
S00645,VAR3,BRAF,1,10,consensus
S00646,VAR3,BRAF,1,10,consensus
S00647,VAR3,BRAF,1,10,consensus
S00648,VAR3,BRAF,1,10,consensus
