sample_id,variant_id,gene,nominal_vaf,measured_vaf,depth,site,run_id,operator,replicate,detected,qc_flag,truth_present,truth_vaf,reference_panel
S00001,VAR1,EGFR,0,0.0218561713737482,1006,SiteA,SiteA_Run01,Operator1,1,0,1,0,0,GIAB_mock
S00002,VAR1,EGFR,0,0.02808911853078983,715,SiteA,SiteA_Run01,Operator2,2,0,0,0,0,GIAB_mock
S00003,VAR1,EGFR,0,0.02536949487633371,854,SiteA,SiteA_Run01,Operator1,3,0,1,0,0,GIAB_mock
S00004,VAR1,EGFR,0,0.07959438048303127,895,SiteA,SiteA_Run02,Operator1,1,0,0,0,0,GIAB_mock
S00005,VAR1,EGFR,0,0.0298565010494656,861,SiteA,SiteA_Run02,Operator2,2,0,1,0,0,GIAB_mock
S00006,VAR1,EGFR,0,0.1283525307569653,784,SiteA,SiteA_Run02,Operator1,3,0,1,0,0,GIAB_mock
S00007,VAR1,EGFR,0,0.02825855214985745,1027,SiteA,SiteA_Run03,Operator1,1,0,0,0,0,GIAB_mock
S00008,VAR1,EGFR,0,0.02288736743581575,786,SiteA,SiteA_Run03,Operator2,2,0,0,0,0,GIAB_mock
S00009,VAR1,EGFR,0,0.03226459121810633,1103,SiteA,SiteA_Run03,Operator1,3,0,0,0,0,GIAB_mock
S00010,VAR1,EGFR,0,0.02760787685903866,791,SiteB,SiteB_Run01,Operator1,1,0,1,0,0,GIAB_mock
S00011,VAR1,EGFR,0,0.03210573896985608,996,SiteB,SiteB_Run01,Operator2,2,0,1,0,0,GIAB_mock
S00012,VAR1,EGFR,0,0.02206364355096568,1143,SiteB,SiteB_Run01,Operator1,3,0,1,0,0,GIAB_mock
S00013,VAR1,EGFR,0,0.03185004920939468,592,SiteB,SiteB_Run02,Operator1,1,0,1,0,0,GIAB_mock
S00014,VAR1,EGFR,0,0.03543010239531961,758,SiteB,SiteB_Run02,Operator2,2,0,0,0,0,GIAB_mock
S00015,VAR1,EGFR,0,0.04296468014383423,780,SiteB,SiteB_Run02,Operator1,3,0,0,0,0,GIAB_mock
S00016,VAR1,EGFR,0,0.02830394980642747,895,SiteB,SiteB_Run03,Operator1,1,0,1,0,0,GIAB_mock
S00017,VAR1,EGFR,0,0.03272731530653593,757,SiteB,SiteB_Run03,Operator2,2,0,0,0,0,GIAB_mock
S00018,VAR1,EGFR,0,0.02918660100217494,402,SiteB,SiteB_Run03,Operator1,3,0,0,0,0,GIAB_mock
S00019,VAR1,EGFR,0,0.02833634512260411,434,SiteC,SiteC_Run01,Operator1,1,0,0,0,0,GIAB_mock
S00020,VAR1,EGFR,0,0.0197363153330573,998,SiteC,SiteC_Run01,Operator2,2,0,0,0,0,GIAB_mock
S00021,VAR1,EGFR,0,0.02715704290482109,754,SiteC,SiteC_Run01,Operator1,3,0,0,0,0,GIAB_mock
S00022,VAR1,EGFR,0,0.04886485392063417,533,SiteC,SiteC_Run02,Operator1,1,0,1,0,0,GIAB_mock
S00023,VAR1,EGFR,0,0.02919712555025042,774,SiteC,SiteC_Run02,Operator2,2,0,1,0,0,GIAB_mock
S00024,VAR1,EGFR,0,0.03961139552083618,982,SiteC,SiteC_Run02,Operator1,3,0,0,0,0,GIAB_mock
S00025,VAR1,EGFR,0,0.05029447990341961,1084,SiteC,SiteC_Run03,Operator1,1,0,0,0,0,GIAB_mock
S00026,VAR1,EGFR,0,0.03849527264702394,735,SiteC,SiteC_Run03,Operator2,2,0,0,0,0,GIAB_mock
S00027,VAR1,EGFR,0,0.03806918177877686,761,SiteC,SiteC_Run03,Operator1,3,0,1,0,0,GIAB_mock
S00217,VAR2,KRAS,0,0.05429101077105711,780,SiteA,SiteA_Run01,Operator1,1,0,1,0,0,consensus
S00218,VAR2,KRAS,0,0.01814854139176078,1022,SiteA,SiteA_Run01,Operator2,2,0,0,0,0,consensus
S00219,VAR2,KRAS,0,0.02654227391340549,767,SiteA,SiteA_Run01,Operator1,3,0,1,0,0,consensus
S00220,VAR2,KRAS,0,0.03452856431369969,607,SiteA,SiteA_Run02,Operator1,1,0,0,0,0,consensus
S00221,VAR2,KRAS,0,0.0207572790495337,858,SiteA,SiteA_Run02,Operator2,2,0,1,0,0,consensus
S00222,VAR2,KRAS,0,0.03773831924427438,747,SiteA,SiteA_Run02,Operator1,3,0,0,0,0,consensus
S00223,VAR2,KRAS,0,0.02116425923217371,722,SiteA,SiteA_Run03,Operator1,1,0,1,0,0,consensus
S00224,VAR2,KRAS,0,0.02278095008997795,640,SiteA,SiteA_Run03,Operator2,2,0,1,0,0,consensus
S00225,VAR2,KRAS,0,0.03366776752371317,864,SiteA,SiteA_Run03,Operator1,3,0,1,0,0,consensus
S00226,VAR2,KRAS,0,0.03327698351079246,774,SiteB,SiteB_Run01,Operator1,1,0,0,0,0,consensus
S00227,VAR2,KRAS,0,0.1451140511687845,877,SiteB,SiteB_Run01,Operator2,2,0,0,0,0,consensus
S00228,VAR2,KRAS,0,0.03214770609871651,765,SiteB,SiteB_Run01,Operator1,3,0,1,0,0,consensus
S00229,VAR2,KRAS,0,0.02058887015730673,701,SiteB,SiteB_Run02,Operator1,1,0,0,0,0,consensus
S00230,VAR2,KRAS,0,0.0338221146999276,988,SiteB,SiteB_Run02,Operator2,2,0,0,0,0,consensus
S00231,VAR2,KRAS,0,0.03149717326512263,759,SiteB,SiteB_Run02,Operator1,3,0,1,0,0,consensus
S00232,VAR2,KRAS,0,0.0364345818957818,942,SiteB,SiteB_Run03,Operator1,1,0,1,0,0,consensus
S00233,VAR2,KRAS,0,0.16132372035179288,620,SiteB,SiteB_Run03,Operator2,2,0,1,0,0,consensus
S00234,VAR2,KRAS,0,0.03467818696045149,730,SiteB,SiteB_Run03,Operator1,3,0,1,0,0,consensus
S00235,VAR2,KRAS,0,0.03658781525844405,760,SiteC,SiteC_Run01,Operator1,1,0,0,0,0,consensus
S00236,VAR2,KRAS,0,0.0311548281179762,741,SiteC,SiteC_Run01,Operator2,2,0,1,0,0,consensus
S00237,VAR2,KRAS,0,0.03096354211024435,1002,SiteC,SiteC_Run01,Operator1,3,0,0,0,0,consensus
S00238,VAR2,KRAS,0,0.03714014804698019,797,SiteC,SiteC_Run02,Operator1,1,0,1,0,0,consensus
S00239,VAR2,KRAS,0,0.16020856054499746,837,SiteC,SiteC_Run02,Operator2,2,0,0,0,0,consensus
S00240,VAR2,KRAS,0,0.03783704047468346,659,SiteC,SiteC_Run02,Operator1,3,0,1,0,0,consensus
S00241,VAR2,KRAS,0,0.01992941024629197,691,SiteC,SiteC_Run03,Operator1,1,0,0,0,0,consensus
S00242,VAR2,KRAS,0,0.01059094989416644,950,SiteC,SiteC_Run03,Operator2,2,0,0,0,0,consensus
S00243,VAR2,KRAS,0,0.04056869410487368,989,SiteC,SiteC_Run03,Operator1,3,0,1,0,0,consensus
S00433,VAR3,BRAF,0,0.02388587366140143,729,SiteA,SiteA_Run01,Operator1,1,0,0,0,0,consensus
S00434,VAR3,BRAF,0,0.0303490591139517,568,SiteA,SiteA_Run01,Operator2,2,0,0,0,0,consensus
S00435,VAR3,BRAF,0,0.03614135696762498,794,SiteA,SiteA_Run01,Operator1,3,0,0,0,0,consensus
S00436,VAR3,BRAF,0,0.02684289138291679,934,SiteA,SiteA_Run02,Operator1,1,0,1,0,0,consensus
S00437,VAR3,BRAF,0,0.02180445910928485,489,SiteA,SiteA_Run02,Operator2,2,0,1,0,0,consensus
S00438,VAR3,BRAF,0,0.0466646654615899,762,SiteA,SiteA_Run02,Operator1,3,0,0,0,0,consensus
S00439,VAR3,BRAF,0,0.02832594023983055,623,SiteA,SiteA_Run03,Operator1,1,0,1,0,0,consensus
S00440,VAR3,BRAF,0,0.03337396488492878,1016,SiteA,SiteA_Run03,Operator2,2,0,0,0,0,consensus
S00441,VAR3,BRAF,0,0.05904547936313797,1004,SiteA,SiteA_Run03,Operator1,3,0,0,0,0,consensus
S00442,VAR3,BRAF,0,0.01698169430902862,850,SiteB,SiteB_Run01,Operator1,1,0,1,0,0,consensus
S00443,VAR3,BRAF,0,0.084705660501495,1014,SiteB,SiteB_Run01,Operator2,2,0,1,0,0,consensus
S00444,VAR3,BRAF,0,0.04763239588212273,670,SiteB,SiteB_Run01,Operator1,3,0,0,0,0,consensus
S00445,VAR3,BRAF,0,0.01707686584433426,943,SiteB,SiteB_Run02,Operator1,1,0,1,0,0,consensus
S00446,VAR3,BRAF,0,0.03163461507255625,712,SiteB,SiteB_Run02,Operator2,2,0,0,0,0,consensus
S00447,VAR3,BRAF,0,0.04462051254277447,848,SiteB,SiteB_Run02,Operator1,3,0,0,0,0,consensus
S00448,VAR3,BRAF,0,0.027562647200042482,755,SiteB,SiteB_Run03,Operator1,1,0,0,0,0,consensus
S00449,VAR3,BRAF,0,0.02578526921754356,758,SiteB,SiteB_Run03,Operator2,2,0,1,0,0,consensus
S00450,VAR3,BRAF,0,0.02160081705559439,882,SiteB,SiteB_Run03,Operator1,3,0,0,0,0,consensus
S00451,VAR3,BRAF,0,0.02479035892806133,604,SiteC,SiteC_Run01,Operator1,1,0,0,0,0,consensus
S00452,VAR3,BRAF,0,0.03187269526723281,762,SiteC,SiteC_Run01,Operator2,2,0,1,0,0,consensus
S00453,VAR3,BRAF,0,0.04122279263458694,826,SiteC,SiteC_Run01,Operator1,3,0,1,0,0,consensus
S00454,VAR3,BRAF,0,0.02583454730258326,739,SiteC,SiteC_Run02,Operator1,1,0,0,0,0,consensus
S00455,VAR3,BRAF,0,0.02257226458611717,816,SiteC,SiteC_Run02,Operator2,2,0,0,0,0,consensus
S00456,VAR3,BRAF,0,0.03122808703533527,752,SiteC,SiteC_Run02,Operator1,3,0,1,0,0,consensus
S00457,VAR3,BRAF,0,0.03378316899043542,1043,SiteC,SiteC_Run03,Operator1,1,0,0,0,0,consensus
S00458,VAR3,BRAF,0,0.03333344839449771,907,SiteC,SiteC_Run03,Operator2,2,0,1,0,0,consensus
S00459,VAR3,BRAF,0,0.02620246140079903,1245,SiteC,SiteC_Run03,Operator1,3,0,1,0,0,consensus
